allocation_base_date	cash_dividend_payment_date	ticker_symbol	dividend_per_share
20231031		448730	70
20231031		453440	0
20231005	20231025	009970	1600
20231004	20231018	078520	1270
20230930	20231108	105560	510
20230930	20231114	017670	830
20230930	20231024	002100	200
20230930	20231025	023450	500
20230930	20231025	086900	1100
20230930	20231025	08690K	0
20230930	20231025	08690L	2314.9782972302
20230930	20231023	002840	500
20230930	20231018	225530	150
20230930	20231120	005930	361
20230930	20231120	005935	361
20230930	20231113	225190	50
20230930	20231103	055550	525
20230930	20231027	003410	70
20230930		097950	0
20230930		097955	0
20230930		096530	0
20230930	20231031	002310	500
20230930		122900	0
20230930		395400	91
20230930	20231114	000660	300
20230930	20231110	267250	900
20230930	20231110	316140	180
20230930		381970	0
20230930		003070	0
20230930		003075	0
20230930		005490	0
20230930	20231031	161580	188
20230930	20231110	086790	600
20230930	20231027	004590	35
20230930	20231020	168490	576
20230930		009240	0
20230930	20231020	213500	200
20230930	20231020	21350K	200
20230930		018880	0
20230930	20231114	005380	1500
20230930	20231114	005385	1500
20230930	20231114	005387	1500
20230930	20231114	005389	1500
20230930	20231018	060560	10
20230930	20231116	094280	150
20230930	20231116	094285	150
20230930		081660	0
20230915	20231013	035150	100
20230831		417310	66
20230811	20230825	138930	100
20230810	20230831	034730	1500
20230810	20230831	03473K	1500
20230731	20231020	360000	0
20230731	20231020	36000K	0
20230731		443100	0
20230731	20231030	44310K	0
20230731	20231030	44310L	0
20230731	20231030	44310M	0
20230731	20231107	448730	70.3580113971
20230731	20231027	432320	188
20230728	20230811	168490	240
20230725	20230810	002030	600
20230720	20230804	002900	50
20230719	20230801	203810	0
20230710	20230809	004050	327
20230630	20230810	017940	700
20230630	20230808	175330	120
20230630	20230808	105560	510
20230630	20230808	025000	500
20230630	20230810	092230	750
20230630	20230825	032640	250
20230630	20230825	010950	200
20230630	20230825	010955	200
20230630	20230818	018670	2000
20230630	20230825	285130	400
20230630	20230825	28513K	400
20230630	20230811	017670	830
20230630	20230811	049720	180
20230630	20230824	010130	10000
20230630	20230919	374760	0
20230630	20230809	083420	80
20230630	20230829	013700	5
20230630	20230822	035420	415
20230630		178600	0
20230630		17860K	35
20230630		17860L	30
20230630		430970	0
20230630		43097K	0
20230630	20231006	43097L	0
20230630		43097M	0
20230630	20231006	43097N	0
20230630	20230824	067080	50
20230630	20230810	000640	1000
20230630	20230814	241560	800
20230630		418870	0
20230630	20230830	41887K	0
20230630	20230830	41887L	0
20230630	20230830	41887M	0
20230630	20230728	007340	500
20230630	20230811	038390	200
20230630	20230922	330590	109.18284852
20230630	20231006	169330	120
20230630	20230828	088980	385
20230630	20230830	012690	100
20230630	20231018	015250	100
20230630	20230724	002840	500
20230630	20230727	268280	700
20230630	20230726	134380	1500
20230630	20230726	337930	40
20230630	20230816	005930	361
20230630	20230816	005935	361
20230630	20230901	003230	1000
20230630	20230807	225190	100
20230630	20230811	004450	500
20230630	20230808	065710	500
20230630	20230831	148150	200
20230630	20230831	14815K	442.56
20230630	20231026	021820	100
20230630	20231026	066710	50
20230630	20231017	005390	50
20230630	20230804	055550	525
20230630	20230927	404990	150
20230630	20230726	004080	130
20230630	20230814	003410	70
20230630	20230807	352700	50
20230630	20230825	097950	1000
20230630	20230825	097955	1000
20230630	20230829	096530	200
20230630	20231013	050860	50
20230630	20230824	122900	150
20230630	20231020	030960	50
20230630	20230818	003570	150
20230630	20230818	064960	600
20230630	20230818	100840	400
20230630	20230821	036530	300
20230630	20230829	056190	180
20230630	20230818	006120	500
20230630	20230818	006125	500
20230630	20230808	210980	400
20230630	20230808	21098L	400
20230630	20230914	395400	66
20230630	20230814	000660	300
20230630	20230725	037890	800
20230630	20230803	221960	0
20230630	20230811	267250	900
20230630	20231010	386150	0
20230630	20231010	38615K	0
20230630	20231010	38615L	0
20230630	20230818	230360	130
20230630	20230927	400760	138
20230630	20230809	316140	180
20230630		434780	0
20230630	20231011	43478K	0
20230630	20230721	105840	50
20230630	20230818	214320	450
20230630	20230927	088260	200
20230630	20230922	350520	133
20230630	20230825	049070	50
20230630	20231013	348950	190
20230630	20230714	194370	350
20230630	20230825	053050	20
20230630	20230808	003780	50
20230630	20230808	010640	50
20230630	20230809	100250	50
20230630	20230717	078340	1300
20230630	20230721	214370	1200
20230630	20230809	002380	1000
20230630	20230731	344820	800
20230630		435230	0
20230630	20230925	43523K	0
20230630	20230925	43523L	0
20230630	20230822	381970	190
20230630	20230823	033780	1200
20230630		369550	0
20230630	20231006	36955K	0
20230630	20231006	36955L	0
20230630	20230830	094930	0
20230630	20230721	033290	60
20230630	20230821	096240	1000
20230630	20230927	435770	0
20230630	20230927	43577K	0
20230630	20230927	43577L	0
20230630	20230828	005490	2500
20230630	20231017	189690	100
20230630	20230810	086790	600
20230630		396580	0
20230630	20230927	39658K	0
20230630	20230927	39658L	0
20230630		397340	0
20230630	20230927	39734K	0
20230630		360780	0
20230630	20230926	36078K	0
20230630	20230926	36078L	0
20230630		359960	0
20230630	20230926	35996K	0
20230630	20230823	034950	1381
20230630	20230808	025540	250
20230630	20230825	009240	1500
20230630	20230824	018880	90
20230630	20230814	012330	1000
20230630	20230814	012335	1000
20230630	20230814	005380	1500
20230630	20230814	005385	1500
20230630	20230814	005387	1500
20230630	20230814	005389	1500
20230630	20230817	094280	150
20230630	20230817	094285	150
20230630	20230825	200670	250
20230630	20230825	243070	300
20230630	20230825	084110	250
20230621	20230721	155900	0
20230531	20230906	357250	154
20230531	20230829	338100	131
20230531		142690	0
20230531	20230908	365550	135
20230531	20230829	417310	81
20230531	20230831	357120	200
20230529	20230621	155900	0
20230517	20230605	220630	0
20230517	20230608	358720	0
20230430	20230807	448730	58.4373217335
20230430		414720	0
20230430	20230731	41472K	0
20230430	20230731	41472L	0
20230430		342040	0
20230430	20230728	34204K	0
20230430	20230728	34204L	0
20230430	20230811	451800	131
20230427	20230522	155900	0
20230425	20230510	056070	1000
20230420	20230504	337730	25000
20230418	20230428	203810	0
20230331	20230511	105560	510
20230331	20230703	950110	153.1122
20230331	20230510	017670	830
20230331	20230530	008870	400
20230331	20230707	092440	150
20230331	20230714	020180	20
20230331	20230727	018500	20
20230331	20230623	377190	150
20230331	20230629	044130	33
20230331	20230629	04413K	75
20230331	20230622	357430	152
20230331	20230707	396690	154.1
20230331	20230517	005930	361
20230331	20230517	005935	361
20230331	20230512	225190	100
20230331	20230707	001720	4000
20230331	20230707	001725	4050
20230331	20230512	055550	525
20230331	20230630	362010	0
20230331	20230630	36201K	0
20230331	20230630	36201L	0
20230331	20230623	327000	0
20230331	20230623	32700L	0
20230331	20230623	32700K	0
20230331	20230629	293940	190
20230331	20230629	29394K	411
20230331	20230629	335050	0
20230331	20230629	33505K	0
20230331	20230629	33505L	0
20230331	20230509	003410	70
20230331	20230526	097950	1000
20230331	20230526	097955	1000
20230331	20230530	096530	200
20230331	20230525	122900	150
20230331	20230720	289080	20
20230331	20230719	083030	6900
20230331	20230706	395400	66
20230331	20230508	000660	300
20230331	20230525	230360	70
20230331	20230419	015360	6000
20230331	20230630	067010	120
20230331	20230523	381970	190
20230331	20230725	190650	200
20230331	20230428	084870	50
20230331	20230516	425040	400
20230331	20230601	005490	2500
20230331	20230512	086790	600
20230331	20230414	168490	10
20230331		009240	0
20230331	20230525	018880	90
20230331	20230518	094280	150
20230331	20230518	094285	150
20230328	20230418	153380	600
20230327	20230421	155900	0
20230327	20230410	354760	0
20230327	20230410	35476K	0
20230327	20230410	35476L	0
20230327	20230410	35476M	0
20230327	20230410	35476N	0
20230327	20230410	35476P	0
20230327	20230410	35476Q	0
20230327	20230410	35476R	0
20230228	20230510	321790	0
20230228	20230510	32179K	0
20230228	20230510	32179L	0
20230228	20230531	334890	212.9048757889
20230228	20230530	405410	0
20230228	20230530	40541K	0
20230228	20230530	417310	83
20230227	20230321	155900	0
20230201	20230227	419360	0
20230131	20230421	360000	0
20230131	20230421	36000K	0
20230131	20230428	443100	0
20230131	20230428	44310K	0
20230131	20230428	44310L	0
20230131	20230428	44310M	0
20230131	20230428	432320	165
20230127	20230221	155900	0
20230116	20230201	203810	0
20230101	20230407	003540	1200
20230101	20230407	003545	1250
20230101	20230407	003547	1200
20221231	20230424	318010	100
20221231	20230330	138930	625
20221231	20230421	001460	3000
20221231	20230421	001465	3050
20221231	20230428	000990	1300
20221231	20230428	000995	1350
20221231		000997	0
20221231	20230413	139130	650
20221231	20230414	004840	40
20221231	20230410	017940	3600
20221231	20230421	089470	120
20221231	20230410	175330	715
20221231	20230421	143500	0
20221231	20230410	105560	1450
20221231	20230427	024120	150
20221231	20230421	060720	300
20221231	20230414	001940	600
20221231	20230414	071430	0
20221231	20230404	025000	2250
20221231	20230406	092230	2400
20221231	20230413	093050	700
20221231	20230412	003550	3000
20221231	20230412	003555	3050
20221231	20230405	051900	4000
20221231	20230405	051905	4050
20221231	20230414	032640	400
20221231	20230421	011070	4150
20221231	20230426	066570	700
20221231	20230426	066575	750
20221231	20230426	051910	10000
20221231	20230426	051915	10050
20221231	20230407	006260	1550
20221231	20230421	108320	4500
20221231	20230419	001120	3000
20221231	20230421	108670	200
20221231	20230421	108675	250
20221231	20230421	023150	250
20221231	20230413	005940	700
20221231	20230413	005945	750
20221231	20230424	034310	410
20221231	20230407	010060	2500
20221231	20230428	010950	3000
20221231	20230428	010955	3025
20221231	20230420	002360	10
20221231	20230420	002365	15
20221231	20230428	034730	3500
20221231	20230428	03473K	3550
20221231	20230420	011790	1100
20221231	20230421	018670	5500
20221231	20230421	001740	120
20221231	20230421	001745	145
20221231	20230428	003340	600
20221231	20230428	00334N	31533
20221231	20230428	00334P	600
20221231	20230428	00334K	0
20221231	20230428	00334L	0
20221231	20230428	001510	5
20221231	20230428	001515	10
20221231	20230427	285130	1100
20221231	20230427	28513K	1150
20221231	20230427	017670	830
20221231	20230428	048770	25
20221231	20230414	122870	250
20221231	20230419	051390	150
20221231	20230406	079940	70
20221231	20230407	000500	50
20221231	20230427	000860	500
20221231	20230426	035250	350
20221231	20230424	094480	45
20221231	20230419	061710	0
20221231	20230403	039240	130
20221231	20230411	002100	400
20221231	20230406	009450	500
20221231	20230421	267290	875
20221231	20230426	012320	750
20221231	20230418	011040	400
20221231	20230414	000050	125
20221231	20230414	214390	50
20221231	20230411	012610	50
20221231	20230404	009140	350
20221231	20230421	013580	500
20221231	20230418	012200	25
20221231	20230418	012205	30
20221231	20230421	081630	0
20221231	20230407	002140	25
20221231	20230317	049720	170
20221231	20230330	010130	20000
20221231	20230417	002240	300
20221231	20230405	014570	180
20221231	20230414	950190	92.47
20221231	20230412	389970	0
20221231	20230412	38997K	0
20221231	20230412	38997L	0
20221231	20230414	098460	140
20221231	20230412	123900	90
20221231	20230413	215000	4500
20221231	20230414	121440	163
20221231	20230417	366030	180
20221231	20230407	076340	100
20221231	20230420	009290	100
20221231	20230412	017040	10
20221231	20230418	017900	50
20221231	20230420	037710	2200
20221231	20230316	073980	500
20221231	20230322	374760	0
20221231	20230407	030610	200
20221231	20230425	339770	200
20221231	20230411	053270	30
20221231	20230328	007690	1400
20221231	20230421	066620	400
20221231	20230405	043650	210
20221231	20230407	060480	50
20221231	20230425	063190	0
20221231	20230418	035080	200
20221231	20230407	204020	30
20221231	20230411	083420	150
20221231	20230418	186230	0
20221231	20230418	18623N	5
20221231	20230425	014530	200
20221231	20230426	006250	0
20221231	20230427	083450	300
20221231	20230407	014280	120
20221231	20230407	014285	130
20221231	20230411	053260	120
20221231		282720	350
20221231	20230406	002990	500
20221231	20230406	002995	550
20221231	20230421	011780	5400
20221231	20230421	011785	5450
20221231	20230414	036190	1300
20221231	20230417	420770	750
20221231	20230417	000270	3500
20221231	20230403	409630	0
20221231	20230403	40963K	0
20221231	20230403	40963L	0
20221231	20230428	013700	15
20221231	20230414	121600	250
20221231	20230414	12160M	2186.05
20221231	20230414	12160N	5
20221231	20230331	040970	0
20221231	20230421	358400	0
20221231	20230414	051490	70
20221231	20230427	137080	100
20221231	20230410	293580	180
20221231	20230414	130580	182
20221231	20230418	036800	650
20221231	20230417	030190	370
20221231	20230331	043960	0
20221231	20230421	004270	25
20221231	20230428	003920	1000
20221231	20230428	003925	1050
20221231	20230421	025860	100
20221231	20230420	111710	300
20221231	20230421	091590	200
20221231	20230309	079180	0
20221231	20230413	253590	35
20221231	20230421	212560	100
20221231	20230404	085910	250
20221231	20230407	092730	700
20221231	20230428	005720	110
20221231	20230428	005725	115
20221231	20230428	002350	100
20221231	20230428	002355	105
20221231	20230419	038990	139000
20221231	20230417	348210	500
20221231	20230428	298420	0
20221231	20230421	090350	275
20221231	20230421	090355	280
20221231	20230421	000320	500
20221231	20230421	000325	505
20221231	20230420	194700	150
20221231	20230417	285490	200
20221231	20230407	006280	1750
20221231	20230407	234690	100
20221231	20230407	005250	300
20221231	20230407	005255	305
20221231	20230407	005257	300
20221231	20230424	004370	5000
20221231	20230427	072710	2500
20221231	20230428	054050	200
20221231		419970	0
20221231		41997M	0
20221231		41997K	0
20221231		41997L	0
20221231		41997N	0
20221231		41997P	0
20221231		41997Q	0
20221231	20230420	270870	250
20221231	20230418	349200	0
20221231	20230421	144960	50
20221231	20230414	030210	0
20221231	20230414	03021K	0
20221231	20230414	03021L	0
20221231	20230414	023590	600
20221231	20230418	032190	300
20221231	20230419	009280	0
20221231	20230407	019680	0
20221231	20230407	019685	15
20221231	20230414	006370	50
20221231	20230414	006375	100
20221231	20230411	008060	400
20221231	20230411	00806K	405
20221231	20230411	353200	400
20221231	20230411	35320K	405
20221231	20230424	000490	100
20221231	20230424	00049K	100
20221231	20230419	020400	60
20221231	20230418	008830	40
20221231	20230428	048470	30
20221231	20230424	004780	100
20221231	20230331	080610	2000
20221231	20230410	005750	110
20221231	20230421	017650	100
20221231	20230413	006570	30
20221231	20230417	317850	90
20221231	20230417	078140	50
20221231	20230421	001680	800
20221231	20230421	001685	810
20221231	20230421	084690	270
20221231	20230421	084695	280
20221231	20230419	036480	75
20221231	20230425	117580	250
20221231	20230426	016710	250
20221231	20230411	006580	40
20221231	20230407	003090	100
20221231	20230407	069620	600
20221231	20230414	007680	300
20221231	20230421	000430	100
20221231	20230419	048910	100
20221231	20230412	005710	175
20221231	20230421	003220	350
20221231	20230417	290120	200
20221231	20230405	048740	100
20221231	20230420	120240	400
20221231	20230418	003310	35
20221231	20230414	078600	100
20221231	20230421	015230	200
20221231	20230425	140520	150
20221231	20230407	131220	60
20221231	20230414	054670	100
20221231	20230421	023910	650
20221231	20230320	006650	1000
20221231		430970	0
20221231		43097K	0
20221231	20230331	43097L	0
20221231		43097M	0
20221231	20230331	43097N	0
20221231	20230428	084010	780
20221231	20230403	001790	120
20221231	20230403	001795	125
20221231		001797	0
20221231	20230412	001130	2500
20221231	20230421	003490	750
20221231	20230421	003495	800
20221231	20230425	003830	750
20221231	20230329	016090	110
20221231	20230414	067080	100
20221231	20230407	298540	400
20221231	20230407	29854K	0
20221231	20230414	192080	600
20221231	20230421	012510	123
20221231	20230421	01251K	3408
20221231	20230414	004830	45
20221231	20230414	004835	50
20221231	20230411	090410	20
20221231	20230427	263600	70
20221231	20230417	446530	100
20221231	20230414	145720	300
20221231	20230411	067990	360
20221231	20230407	193030	0
20221231	20230407	19303P	30
20221231	20230407	19303M	0
20221231	20230407	19303N	20
20221231	20230407	002150	280
20221231	20230407	006620	110
20221231	20230421	005160	130
20221231	20230421	075970	80
20221231	20230421	086450	180
20221231	20230421	08645K	180
20221231	20230407	001230	500
20221231	20230403	023450	300
20221231	20230410	222070	100
20221231	20230330	007590	250
20221231	20230330	007595	255
20221231	20230330	007597	0
20221231	20230420	005960	500
20221231	20230420	005965	550
20221231	20230307	026960	730
20221231	20230425	102260	200
20221231	20230418	033500	350
20221231	20230425	025950	150
20221231	20230414	060970	0
20221231	20230418	000640	1000
20221231	20230419	088130	200
20221231	20230414	028100	500
20221231	20230331	282690	1000
20221231	20230411	041930	120
20221231	20230420	001520	40
20221231	20230420	001525	90
20221231	20230420	001527	150
20221231	20230420	001529	150
20221231	20230420	00152A	150
20221231	20230330	060380	50
20221231	20230414	079960	300
20221231	20230407	060830	0
20221231	20230424	092780	60
20221231	20230428	013120	160
20221231	20230418	006040	1100
20221231	20230420	030720	250
20221231	20230421	014820	600
20221231	20230421	014825	650
20221231	20230421	049770	3500
20221231	20230414	163560	120
20221231	20230410	109860	400
20221231	20230407	004890	3000
20221231	20230428	002690	10
20221231	20230421	005290	130
20221231	20230420	000020	180
20221231	20230426	389930	2033
20221231	20230426	38993L	2033
20221231	20230428	000150	2000
20221231	20230428	000155	2050
20221231	20230428	000157	2000
20221231	20230426	241560	750
20221231	20230428	131970	160
20221231	20230428	13197K	160
20221231	20230420	016740	80
20221231	20230421	013900	600
20221231		035430	0
20221231	20230427	03543L	0
20221231	20230427	03543K	0
20221231	20230419	192650	200
20221231	20230419	187870	210
20221231	20230414	016610	170
20221231	20230407	005830	4600
20221231	20230417	066670	50
20221231	20230418	024090	900
20221231	20230413	003160	100
20221231	20230421	110990	300
20221231	20230425	263690	317
20221231	20230414	214680	0
20221231	20230414	21468K	.1
20221231	20230421	155660	60
20221231	20230421	069730	60
20221231	20230412	092070	200
20221231	20230331	007340	2000
20221231	20230421	000210	1000
20221231	20230421	000215	1050
20221231	20230421	001880	250
20221231	20230421	00188K	1196
20221231	20230421	375500	1000
20221231	20230421	37550K	1050
20221231	20230421	37550L	1000
20221231	20230421	068790	125
20221231	20230412	013570	120
20221231	20230412	210540	250
20221231	20230424	104460	100
20221231	20230421	197140	30
20221231	20230406	068930	200
20221231	20230417	033130	20
20221231	20230421	105740	200
20221231	20230412	263020	50
20221231	20230407	131180	40
20221231	20230421	232680	50
20221231	20230426	300120	50
20221231	20230410	171120	200
20221231	20230406	115390	300
20221231	20230425	217500	30
20221231	20230404	038390	700
20221231	20230412	228850	300
20221231	20230405	128500	0
20221231	20230411	067730	60
20221231	20230404	071280	50
20221231	20230421	089860	900
20221231	20230428	023530	3300
20221231	20230420	020150	300
20221231	20230421	280360	2300
20221231	20230322	330590	143.13495125
20221231	20230421	004000	3500
20221231	20230414	286940	700
20221231	20230428	004990	1500
20221231	20230428	00499K	1550
20221231	20230421	005300	3300
20221231	20230421	005305	3305
20221231	20230428	011170	3500
20221231	20230426	071840	300
20221231	20230421	085370	322
20221231		085375	0
20221231	20230421	08537M	151
20221231	20230427	058470	3000
20221231	20230425	012700	500
20221231	20230414	277070	28
20221231	20230417	098120	80
20221231	20230421	038290	300
20221231	20230425	044320	250
20221231	20230421	267980	1200
20221231	20230417	005990	150
20221231	20230410	093520	120
20221231	20230228	088980	390
20221231	20230414	067280	800
20221231	20230414	072870	1050
20221231	20230414	215200	2100
20221231	20230417	041920	50
20221231		249680	0
20221231	20230428	24968K	0
20221231	20230428	24968L	0
20221231	20230428	24968M	0
20221231	20230331	138040	105
20221231	20230329	008560	135
20221231	20230329	00856P	0
20221231	20230329	00856Q	0
20221231	20230329	00856R	0
20221231	20230329	00856S	0
20221231	20230414	241770	455
20221231	20230417	059210	20
20221231	20230421	321080	0
20221231	20230421	058110	30
20221231	20230411	012690	50
20221231	20230421	005360	70
20221231	20230419	417970	300
20221231	20230331	204210	1572
20221231	20230411	101330	70
20221231	20230428	012860	10
20221231	20230428	333050	14
20221231	20230406	009680	400
20221231	20230420	118990	246
20221231	20230331	320340	0
20221231	20230331	32034L	0
20221231	20230331	32034M	0
20221231	20230331	32034N	0
20221231	20230407	001810	15
20221231	20230407	009200	50
20221231	20230407	009580	150
20221231	20230426	033920	230
20221231	20230405	008420	50
20221231	20230405	095500	60
20221231	20230228	094800	250
20221231	20230411	006800	200
20221231	20230411	006805	220
20221231	20230411	00680K	200
20221231	20230627	170840	0
20221231	20230414	207760	10
20221231	20230410	002840	500
20221231	20230406	268280	1400
20221231	20230417	107590	700
20221231	20230331	134380	1500
20221231	20230421	003650	2500
20221231	20230426	402350	0
20221231	20230412	206640	150
20221231	20230411	191390	0
20221231	20230417	377740	490
20221231	20230410	099430	70
20221231	20230410	09943N	70
20221231	20230413	043150	100
20221231	20230418	001340	60
20221231	20230410	035150	150
20221231	20230414	019010	30
20221231	20230414	443630	1050
20221231	20230414	44363K	1050
20221231	20230421	007210	25
20221231	20230426	225530	150
20221231	20230424	250000	300
20221231	20230421	002760	7
20221231	20230411	003850	100
20221231	20230406	001270	1500
20221231	20230406	001275	1550
20221231	20230418	026940	75
20221231	20230421	011390	250
20221231	20230403	008470	50
20221231	20230410	228350	0
20221231	20230412	100120	700
20221231	20230417	337930	40
20221231	20230414	099390	60
20221231	20230414	064480	150
20221231	20230418	251630	100
20221231	20230425	346150	878
20221231	20230426	318410	200
20221231	20230414	100220	100
20221231	20230427	200780	100
20221231	20230428	031320	3700
20221231	20230418	141000	150
20221231	20230417	090460	250
20221231	20230407	086670	200
20221231	20230421	335890	10
20221231	20230414	027410	110
20221231	20230414	282330	4100
20221231	20230425	126600	100
20221231	20230411	082920	200
20221231	20230411	042370	50
20221231	20230417	032850	61
20221231	20230407	093190	400
20221231	20230406	005180	1500
20221231	20230412	143240	700
20221231	20230419	003960	350
20221231	20230419	003965	400
20221231	20230420	007160	350
20221231	20230420	014710	40
20221231	20230421	006090	120
20221231	20230424	419120	180
20221231	20230421	008270	0
20221231	20230425	388740	0
20221231	20230420	014970	75
20221231	20230424	018310	100
20221231	20230428	053700	50
20221231	20230427	023600	175
20221231	20230414	006400	1030
20221231	20230414	006405	1080
20221231	20230428	006660	80
20221231	20230414	028260	2300
20221231	20230414	02826K	2350
20221231	20230414	032830	3000
20221231	20230414	018260	3200
20221231	20230414	009150	2100
20221231	20230414	009155	2150
20221231	20230414	005930	361
20221231	20230414	005935	362
20221231	20230413	016360	1700
20221231	20230412	068290	200
20221231	20230413	029780	2500
20221231	20230414	000810	13800
20221231	20230414	000815	13805
20221231	20230414	006110	250
20221231	20230405	374310	4000
20221231	20230412	009300	400
20221231	20230405	145990	1250
20221231	20230405	145995	1300
20221231	20230421	003230	600
20221231	20230414	225190	400
20221231	20230406	002170	1500
20221231	20230403	272550	750
20221231	20230407	000070	3500
20221231	20230407	000075	3550
20221231	20230413	002810	600
20221231	20230407	054540	50
20221231	20230421	005680	300
20221231	20230421	023000	105
20221231	20230414	072540	75
20221231	20230420	004380	300
20221231	20230420	002450	50
20221231	20230428	002290	125
20221231	20230418	009770	1000
20221231	20230421	037460	450
20221231	20230410	005500	800
20221231	20230407	004690	3000
20221231	20230426	038500	90
20221231	20230328	017480	300
20221231	20230411	010960	190
20221231	20230414	004450	700
20221231	20230421	009470	300
20221231	20230421	001820	500
20221231	20230418	000390	250
20221231	20230421	041650	100
20221231	20230428	091580	115
20221231	20230414	089980	200
20221231	20230407	075180	140
20221231	20230414	107600	300
20221231	20230407	007540	200
20221231	20230407	248170	200
20221231	20230421	100660	35
20221231	20230420	007860	100
20221231	20230418	200880	150
20221231	20230417	019770	45
20221231	20230428	279000	0
20221231	20230405	017390	1750
20221231	20230426	046890	220
20221231	20230428	063170	100
20221231	20230411	093920	400
20221231	20230414	140070	50
20221231	20230410	011370	50
20221231	20230421	065710	1500
20221231	20230407	008490	400
20221231	20230414	035890	45
20221231	20230421	003100	350
20221231	20230411	067370	50
20221231	20230420	136490	100
20221231	20230424	086710	20
20221231	20230421	014620	100
20221231	20230414	037350	100
20221231	20230411	014910	5
20221231	20230411	014915	10
20221231	20230419	003080	135
20221231	20230419	004980	200
20221231	20230419	004985	250
20221231	20230426	081580	50
20221231	20230414	015750	100
20221231	20230418	080470	70
20221231	20230425	045460	0
20221231	20230421	042380	790
20221231	20230405	017510	70
20221231	20230526	292070	100
20221231	20230526	29207L	100
20221231	20230421	004360	300
20221231	20230421	004365	305
20221231	20230405	004490	600
20221231	20230406	011560	500
20221231	20230425	001430	1200
20221231	20230421	306200	6000
20221231	20230421	003030	2250
20221231	20230421	019440	1000
20221231	20230427	058650	4000
20221231	20230412	336710	0
20221231	20230417	100700	60
20221231	20230427	024830	25
20221231	20230421	067830	30
20221231	20230331	107870	0
20221231	20230411	033530	100
20221231	20230427	075580	150
20221231	20230413	252500	10
20221231	20230428	290690	50
20221231	20230428	336370	100
20221231	20230428	33637K	101
20221231	20230428	33637L	100
20221231	20230421	357780	2000
20221231	20230421	036830	170
20221231	20230420	145730	0
20221231	20230404	004430	500
20221231	20230412	050960	125
20221231	20230418	126720	600
20221231	20230421	017550	10
20221231	20230421	017555	15
20221231	20230411	253840	150
20221231	20230411	25384X	150
20221231	20230418	192440	560
20221231	20230428	057160	500
20221231	20230419	330730	200
20221231	20230412	026890	200
20221231	20230412	245030	0
20221231	20230412	049830	85
20221231	20230410	020710	20
20221231	20230410	134790	400
20221231	20230406	000480	4500
20221231	20230414	131090	25
20221231	20230414	066290	150
20221231	20230411	016590	1250
20221231	20230418	029530	1500
20221231	20230414	004970	500
20221231	20230421	065350	120
20221231	20230424	004170	3750
20221231	20230420	034300	500
20221231	20230421	037090	282
20221231	20230414	035510	500
20221231	20230421	031430	500
20221231	20230421	012580	30
20221231	20230425	031440	750
20221231	20230428	006880	120
20221231	20230421	002800	50
20221231	20230420	005800	150
20221231	20230418	009270	100
20221231	20230418	009275	105
20221231	20230417	002700	10
20221231	20230407	138070	100
20221231	20230428	142120	0
20221231	20230410	002870	50
20221231	20230407	055550	865
20221231	20230331	404990	160
20221231	20230424	001770	100
20221231	20230417	004080	130
20221231	20230421	243840	330
20221231	20230421	24384K	330
20221231	20230417	058210	0
20221231	20230419	222800	500
20221231	20230421	036710	50
20221231	20230421	03671L	50
20221231	20230427	009160	200
20221231	20230414	160980	300
20221231	20230418	052700	500
20221231	20230428	356890	80
20221231	20230428	003410	110
20221231	20230427	037760	50
20221231	20230428	099320	80
20221231	20230428	099325	0
20221231	20230331	049960	450
20221231	20230428	050890	50
20221231	20230410	088850	0
20221231	20230414	067670	400
20221231	20230417	073960	0
20221231	20230418	023460	20
20221231	20230412	264660	450
20221231	20230414	352700	140
20221231	20230421	055070	200
20221231	20230331	112610	500
20221231	20230421	000590	500
20221231	20230421	037340	0
20221231	20230417	297440	0
20221231	20230428	376290	64
20221231	20230428	001040	2500
20221231	20230428	001045	2550
20221231	20230428	00104K	2500
20221231	20230426	000120	500
20221231	20230407	340460	4610
20221231	20230427	097950	2500
20221231	20230427	097955	2550
20221231	20230426	051500	350
20221231	20230421	096530	200
20221231	20230420	101240	180
20221231	20230414	260930	50
20221231	20230414	090430	680
20221231	20230414	090435	685
20221231	20230414	002790	205
20221231	20230414	00279K	667
20221231	20230414	002795	210
20221231	20230418	083930	300
20221231	20230412	036010	70
20221231	20230418	002030	3250
20221231	20230418	183190	225
20221231	20230413	002310	1000
20221231	20230420	267850	500
20221231	20230418	143160	350
20221231	20230405	031690	0
20221231	20230418	054800	250
20221231	20230407	332370	150
20221231	20230414	122900	150
20221231	20230420	104770	75
20221231	20230420	099190	350
20221231	20230417	214430	200
20221231	20230414	040910	100
20221231	20230418	095340	600
20221231	20230425	090150	35
20221231	20230421	149010	150
20221231	20230407	262840	100
20221231	20230420	114840	63
20221231	20230417	027360	20
20221231	20230407	032080	20
20221231	20230420	059120	75
20221231	20230411	068410	50
20221231	20230414	158430	100
20221231	20230419	067160	730
20221231	20230418	001540	220
20221231	20230420	053800	1100
20221231	20230412	260660	130
20221231	20230407	131370	20
20221231	20230414	327260	100
20221231	20230414	218410	100
20221231	20230417	148250	30
20221231	20230420	018250	310
20221231	20230418	161000	550
20221231	20230411	290740	100
20221231	20230421	129050	0
20221231	20230427	102120	200
20221231	20230406	019990	50
20221231	20230414	137310	290
20221231	20230412	034120	1000
20221231	20230413	042110	35
20221231	20230417	036120	50
20221231	20230421	260970	300
20221231	20230331	250020	0
20221231	20230331	101490	150
20221231	20230309	003570	350
20221231	20230309	064960	1000
20221231	20230309	100840	400
20221231	20230310	036530	400
20221231	20230414	031330	230
20221231	20230411	060540	50
20221231	20230424	351320	16
20221231	20230407	056190	520
20221231	20230428	333280	1125
20221231	20230428	33328L	1125
20221231	20230428	33328M	1125
20221231	20230428	33328N	1125
20221231	20230414	005850	600
20221231	20230419	041510	1200
20221231	20230421	007820	70
20221231	20230414	012750	2500
20221231	20230412	306040	500
20221231	20230427	123700	100
20221231	20230428	025530	150
20221231	20230407	005090	1700
20221231	20230427	006120	1200
20221231	20230427	006125	1200
20221231	20230426	210980	400
20221231	20230426	21098L	622
20221231	20230427	068400	150
20221231	20230427	033630	500
20221231	20230330	395400	66
20221231		056550	0
20221231	20230413	05655K	0
20221231	20230427	000660	300
20221231	20230413	069510	300
20221231	20230411	041910	100
20221231	20230410	039440	250
20221231	20230417	098660	110
20221231	20230427	237690	500
20221231	20230420	288620	50
20221231	20230406	005610	1700
20221231	20230407	058610	200
20221231	20230414	358720	0
20221231	20230331	037890	1200
20221231	20230421	418900	0
20221231	20230407	003800	1330
20221231	20230407	089660	250
20221231	20230413	300900	0
20221231	20230420	172670	0
20221231	20230420	087400	0
20221231	20230411	396450	0
20221231	20230407	140910	200
20221231	20230421	095570	270
20221231	20230424	012630	250
20221231	20230421	039570	450
20221231	20230424	294870	600
20221231	20230410	267250	3700
20221231	20230421	267270	1750
20221231	20230425	322000	600
20221231	20230407	004050	1959
20221231	20230426	042670	240
20221231	20230420	267260	500
20221231	20230426	297890	150
20221231	20230425	078150	20
20221231	20230407	036640	200
20221231	20230421	035000	400
20221231	20230413	044990	200
20221231	20230421	204320	500
20221231	20230407	386150	0
20221231	20230407	38615K	0
20221231	20230407	38615L	0
20221231	20230410	060980	2000
20221231	20230428	011200	1200
20221231	20230411	044780	30
20221231	20230428	195940	320
20221231	20230427	403870	150
20221231	20230421	006840	200
20221231	20230403	045660	200
20221231	20230403	224110	100
20221231	20230410	021080	150
20221231	20230418	207490	30
20221231	20230424	141110	0
20221231	20230407	244920	200
20221231	20230421	265520	270
20221231	20230418	211270	70
20221231	20230414	230360	90
20221231	20230421	102420	25
20221231	20230421	247540	450
20221231	20230421	383310	600
20221231	20230427	038110	50
20221231	20230410	064850	180
20221231	20230424	383220	1600
20221231	20230425	007700	350
20221231	20230427	036810	100
20221231	20230414	083500	100
20221231	20230427	950130	894.45
20221231	20230504	265770	50
20221231	20230417	092870	100
20221231	20230417	09287K	0
20221231	20230425	067570	120
20221231	20230410	333620	60
20221231	20230428	036570	6680
20221231	20230405	008260	100
20221231	20230407	138250	0
20221231	20230420	224760	50
20221231	20230414	060250	200
20221231	20230330	400760	162
20221231	20230420	265740	20
20221231	20230417	426280	0
20221231	20230407	053290	60
20221231	20230406	004250	100
20221231	20230406	004255	105
20221231	20230421	048830	30
20221231	20230420	079550	1500
20221231	20230413	290650	50
20221231	20230421	066970	500
20221231	20230428	060370	30
20221231	20230406	010120	1100
20221231	20230406	104230	1200
20221231	20230405	229640	250
20221231	20230418	011910	43200
20221231	20230426	383800	310
20221231	20230426	38380K	320
20221231	20230428	073110	200
20221231	20230419	083310	100
20221231	20230427	064400	1190
20221231	20230414	037560	120
20221231	20230330	097520	500
20221231	20230411	179290	120
20221231	20230428	009780	60
20221231	20230503	123040	50
20221231	20230414	046290	0
20221231	20230414	033160	100
20221231	20230414	347890	250
20221231	20230410	140720	100
20221231	20230418	060850	140
20221231	20230419	014440	50
20221231	20230413	111770	1530
20221231	20230412	009970	3050
20221231	20230329	000670	10000
20221231	20230331	036560	400
20221231	20230328	006740	600
20221231	20230421	265560	50
20221231	20230411	053280	200
20221231	20230407	015360	2500
20221231	20230411	045060	50
20221231	20230420	080520	100
20221231	20230412	007310	9000
20221231	20230426	039830	120
20221231	20230418	014940	50
20221231	20230418	271560	950
20221231	20230420	001800	700
20221231	20230428	010470	270
20221231	20230413	036220	2000
20221231	20230421	241790	420
20221231	20230417	031510	20
20221231	20230412	138080	200
20221231	20230427	067170	130
20221231	20230421	173130	50
20221231	20230424	049480	15
20221231	20230419	131030	100
20221231	20230425	109080	200
20221231	20230426	057030	150
20221231	20230411	122990	250
20221231	20230407	112290	100
20221231	20230414	065530	50
20221231	20230412	067900	50
20221231	20230420	155650	250
20221231	20230419	273640	380
20221231	20230421	096250	0
20221231	20230420	273060	20
20221231	20230412	019210	300
20221231	20230412	01921S	300
20221231	20230412	01921T	300
20221231	20230417	040300	60
20221231	20230414	079000	200
20221231	20230414	316140	980
20221231	20230420	434780	0
20221231	20230420	43478K	0
20221231	20230331	298870	150
20221231	20230421	215360	150
20221231	20230428	072470	45
20221231	20230421	073560	50
20221231	20230413	010050	23
20221231	20230414	083780	0
20221231	20230414	101170	100
20221231	20230406	068560	920
20221231	20230428	017370	30
20221231	20230421	065680	300
20221231	20230411	105840	150
20221231	20230425	049800	50
20221231	20230414	095720	70
20221231	20230426	005820	350
20221231	20230413	307280	10
20221231	20230421	104830	800
20221231	20230419	240810	200
20221231	20230427	074600	150
20221231	20230410	012620	220
20221231	20230428	382840	200
20221231	20230414	008370	200
20221231	20230427	101160	50
20221231	20230418	069080	370
20221231	20230414	044340	200
20221231	20230410	364360	0
20221231	20230410	36436K	0
20221231	20230414	348350	100
20221231	20230414	112040	750
20221231	20230331	065370	150
20221231	20230414	024070	50
20221231	20230406	042910	4000
20221231	20230403	136540	500
20221231	20230407	014830	2000
20221231	20230404	036200	100
20221231	20230419	000910	125
20221231	20230428	047400	35
20221231	20230419	083910	0
20221231	20230426	011330	20
20221231	20230428	077500	200
20221231	20230407	011320	15
20221231	20230418	142210	100
20221231	20230421	048430	100
20221231	20230531	388690	243
20221231	20230421	032620	60
20221231	20230411	264450	420
20221231	20230411	078070	250
20221231	20230412	002920	120
20221231	20230420	000700	400
20221231	20230421	054930	750
20221231	20230421	003470	110
20221231	20230421	003475	160
20221231	20230425	263770	100
20221231	20230414	000220	105
20221231	20230414	000225	110
20221231	20230414	000227	110
20221231	20230414	023410	170
20221231	20230414	084370	270
20221231	20230414	001200	60
20221231	20230417	221800	500
20221231	20230406	000100	400
20221231	20230406	000105	410
20221231	20230412	003460	110
20221231	20230412	003465	120
20221231	20230420	372170	150
20221231	20230421	008730	250
20221231	20230427	008250	100
20221231	20230414	039020	50
20221231	20230414	039025	0
20221231	20230421	025820	50
20221231	20230411	067920	180
20221231	20230417	044960	40
20221231	20230414	296640	110
20221231	20230428	214320	1700
20221231	20230420	073490	350
20221231	20230425	272290	450
20221231	20230412	208760	27600
20221231	20230428	053350	20
20221231	20230414	041520	300
20221231	20230428	264850	50
20221231	20230414	054210	150
20221231	20230414	05421K	150
20221231	20230331	088260	195
20221231	20230421	139480	2000
20221231	20230421	078020	100
20221231	20230421	07802K	0
20221231	20230421	07802L	0
20221231	20230418	208850	50
20221231	20230418	080010	100
20221231	20230428	007660	100
20221231	20230428	005950	500
20221231	20230412	386810	1000
20221231	20230424	102710	150
20221231	20230425	063760	60
20221231	20230420	123570	90
20221231	20230417	091120	150
20221231	20230421	102460	150
20221231	20230421	10246L	150
20221231	20230419	039030	1000
20221231	20230417	232150	0
20221231	20230417	353810	75
20221231	20230403	350520	133
20221231	20230414	139150	0
20221231	20230412	377330	120
20221231	20230417	035810	75
20221231	20230419	092130	1040
20221231	20230413	041830	300
20221231	20230405	277410	40
20221231	20230428	037330	50
20221231	20230426	100030	360
20221231	20230411	417460	285
20221231	20230424	023800	200
20221231	20230329	034590	1250
20221231	20230414	211050	300
20221231	20230421	216050	389
20221231	20230428	049070	610
20221231	20230420	119610	600
20221231	20230410	129260	120
20221231	20230418	064290	200
20221231	20230413	189300	100
20221231	20230428	023810	180
20221231	20230331	115310	900
20221231	20230417	039290	20
20221231	20230410	272340	30
20221231	20230410	27234K	30
20221231	20230410	27234L	30
20221231	20230414	000230	100
20221231	20230426	013360	5
20221231		013365	0
20221231	20230411	003120	20000
20221231	20230413	068330	7
20221231	20230331	003200	5000
20221231	20230421	007570	150
20221231	20230421	007575	175
20221231	20230417	081000	300
20221231	20230417	103590	130
20221231	20230414	094820	330
20221231	20230421	015860	150
20221231	20230417	318600	0
20221231	20230410	226320	150
20221231	20230414	317400	300
20221231	20230414	31740K	300
20221231	20230412	000950	1000
20221231	20230425	208140	100
20221231	20230420	040420	530
20221231	20230425	060080	0
20221231	20230414	217190	75
20221231	20230421	134450	600
20221231	20230414	122310	160
20221231	20230425	361390	50
20221231	20230518	065930	0
20221231	20230411	147830	150
20221231	20230411	033100	150
20221231	20230418	079370	350
20221231	20230428	234080	500
20221231	20230428	001060	375
20221231	20230428	001065	400
20221231	20230428	001067	375
20221231	20230428	00106N	375
20221231	20230428	096760	100
20221231	20230419	054950	300
20221231	20230417	090470	200
20221231	20230414	137950	160
20221231	20230426	094200	0
20221231	20230414	348950	190
20221231	20230406	194370	500
20221231	20230421	026040	100
20221231	20230417	126880	100
20221231	20230419	094970	150
20221231	20230421	078830	0
20221231	20230425	035900	369
20221231	20230328	084890	700
20221231	20230414	030000	1150
20221231	20230419	271980	50
20221231	20230413	001560	270
20221231	20230428	199820	200
20221231	20230421	038010	120
20221231	20230419	002620	50
20221231	20230410	006220	100
20221231	20230427	064800	10
20221231	20230404	004910	100
20221231	20230421	120030	1500
20221231	20230407	002600	6500
20221231	20230407	185750	1000
20221231	20230407	001630	1400
20221231	20230412	036930	193
20221231	20230421	024110	960
20221231	20230421	024115	0
20221231	20230421	024119	0
20221231	20230421	02411A	0
20221231	20230421	072020	100
20221231	20230419	000440	320
20221231	20230421	013890	530
20221231	20230411	263860	150
20221231	20230425	138290	0
20221231	20230414	144510	350
20221231	20230324	382480	34
20221231	20230406	078930	2500
20221231	20230406	078935	2550
20221231	20230406	006360	1300
20221231	20230405	007070	430
20221231	20230425	053050	20
20221231	20230411	119850	50
20221231	20230420	013870	80
20221231	20230420	311320	100
20221231	20230428	088790	70
20221231	20230428	088795	80
20221231	20230407	018120	450
20221231	20230414	036890	300
20221231	20230404	003780	150
20221231	20230419	007370	150
20221231	20230404	010640	150
20221231	20230405	100250	150
20221231	20230414	004650	500
20221231	20230410	278280	500
20221231	20230407	140290	20
20221231	20230531	219000	0
20221231	20230421	094360	196
20221231	20230421	09436L	196
20221231	20230421	016920	10
20221231	20230425	035720	60
20221231	20230426	323410	80
20221231	20230425	296490	100
20221231	20230413	078340	1300
20221231	20230405	214370	1700
20221231	20230414	221980	430
20221231	20230421	100530	0
20221231	20230630	343470	0
20221231	20230331	192250	30
20221231	20230412	029460	350
20221231	20230428	009440	50
20221231	20230331	007320	0
20221231	20230414	002380	7000
20221231	20230421	021320	150
20221231	20230421	344820	1400
20221231	20230410	307090	0
20221231	20230410	30709K	0
20221231	20230410	039880	0
20221231	20230410	039885	0
20221231	20230410	144920	0
20221231	20230410	144925	0
20221231	20230404	036670	250
20221231	20230420	115500	140
20221231	20230420	101430	70
20221231	20230414	281820	250
20221231	20230426	089150	60
20221231	20230417	009070	60
20221231	20230414	025880	50
20221231	20230330	053900	250
20221231	20230407	093320	600
20221231	20230406	049500	0
20221231	20230421	044450	350
20221231	20230425	122450	167
20221231	20230414	053080	300
20221231	20230421	058400	20
20221231	20230417	039420	80
20221231	20230420	102370	35
20221231	20230330	435230	0
20221231	20230330	43523K	0
20221231	20230330	43523L	0
20221231	20230428	092220	60
20221231	20230421	046440	220
20221231	20230421	016380	150
20221231	20230421	016385	200
20221231	20230421	035600	400
20221231	20230427	151860	150
20221231	20230428	001390	500
20221231	20230425	381970	190
20221231	20230418	145270	108
20221231	20230427	030200	1960
20221231	20230428	105910	0
20221231	20230428	105915	0
20221231	20230428	053210	350
20221231	20230421	058850	120
20221231	20230428	058860	120
20221231	20230428	033780	5000
20221231	20230413	064820	100
20221231	20230428	024880	140
20221231	20230407	253950	0
20221231	20230421	089010	200
20221231	20230425	176590	35
20221231	20230331	369550	0
20221231	20230331	36955K	0
20221231	20230331	36955L	0
20221231	20230420	123410	80
20221231	20230418	003690	430
20221231	20230426	357140	0
20221231	20230414	049430	250
20221231	20230414	183300	1000
20221231	20230424	094930	0
20221231	20230425	099620	0
20221231	20230407	029960	500
20221231	20230406	002020	550
20221231	20230406	002025	600
20221231	20230414	003070	300
20221231	20230414	003075	350
20221231	20230426	120110	1300
20221231	20230426	120115	1350
20221231	20230427	138490	180
20221231	20230427	021240	1300
20221231	20230411	033290	100
20221231	20230410	056360	50
20221231	20230410	146930	350
20221231	20230407	052330	250
20221231	20230420	322780	10
20221231	20230426	200130	308
20221231	20230425	294570	100
20221231	20230421	192400	800
20221231	20230421	284740	700
20221231	20230421	405100	480
20221231	20230410	066310	100
20221231	20230428	264900	250
20221231	20230428	26490K	252
20221231	20230428	005740	100
20221231	20230428	005745	105
20221231	20230412	096240	800
20221231	20230414	110790	500
20221231	20230417	214150	116
20221231	20230410	237880	200
20221231	20230421	020120	50
20221231	20230407	039490	3000
20221231	20230407	03949L	9386.013
20221231	20230407	03949M	4963.761
20221231	20230330	435770	0
20221231	20230330	43577K	0
20221231	20230330	43577L	0
20221231	20230421	014580	130
20221231	20230425	015890	300
20221231	20230421	006890	200
20221231	20230428	023160	170
20221231	20230425	003240	1750
20221231	20230331	011280	50
20221231	20230412	053620	300
20221231	20230425	052960	25
20221231		052965	0
20221231	20230427	004100	5
20221231	20230427	004105	10
20221231	20230421	009410	225
20221231	20230421	009415	230
20221231	20230427	124560	150
20221231	20230421	001420	50
20221231	20230428	007980	30
20221231	20230331	095610	500
20221231	20230411	055490	900
20221231	20230622	287620	1000
20221231	20230410	089030	130
20221231	20230412	054450	130
20221231	20230407	078000	600
20221231	20230411	051360	100
20221231	20230427	108230	100
20221231		434800	0
20221231	20230428	43480K	0
20221231	20230421	033830	15
20221231	20230421	204610	60
20221231	20230418	002710	120
20221231	20230419	064760	1700
20221231	20230411	340570	450
20221231	20230410	131290	500
20221231	20230414	246690	10
20221231	20230428	019180	50
20221231	20230407	356860	300
20221231	20230419	002900	40
20221231	20230421	363280	150
20221231	20230421	36328K	175
20221231	20230407	032540	230
20221231	20230421	069260	1000
20221231	20230414	081150	30
20221231	20230414	214450	660
20221231	20230411	177830	100
20221231	20230421	037070	200
20221231	20230406	150900	100
20221231	20230421	170790	300
20221231	20230414	038950	50
20221231	20230418	140860	400
20221231	20230404	091700	300
20221231	20230412	036580	50
20221231	20230421	027710	25
20221231	20230414	028670	150
20221231	20230410	016800	1100
20221231	20230411	251970	360
20221231	20230407	010770	150
20221231	20230428	119500	60
20221231	20230417	022100	75
20221231	20230420	058430	875
20221231	20230420	009520	37
20221231	20230419	025100	500
20221231	20230419	047050	1000
20221231	20230419	003670	300
20221231	20230417	005490	2000
20221231	20230407	256630	10
20221231	20230412	331380	30
20221231	20230407	290720	100
20221231	20230411	005670	90
20221231	20230424	094940	20
20221231	20230330	007330	650
20221231	20230414	017810	102
20221231	20230414	01781K	0
20221231	20230411	023900	60
20221231	20230406	103140	1000
20221231	20230407	005810	1300
20221231	20230411	035200	50
20221231	20230428	321260	20
20221231	20230331	053610	500
20221231	20230418	053160	50
20221231	20230407	075130	100
20221231	20230421	051380	300
20221231	20230421	178920	779
20221231	20230407	319660	400
20221231	20230407	031980	500
20221231	20230406	002230	200
20221231	20230418	043370	200
20221231	20230421	347740	35
20221231	20230413	137400	100
20221231	20230426	024940	25
20221231	20230421	128660	135
20221231	20230419	006140	100
20221231	20230410	087600	50
20221231	20230427	161580	35
20221231	20230427	163730	100
20221231	20230410	086790	2550
20221231	20230331	396580	0
20221231	20230331	39658K	0
20221231	20230331	39658L	0
20221231	20230428	067310	50
20221231	20230420	166090	300
20221231	20230414	293480	510
20221231	20230329	360780	0
20221231	20230329	36078K	0
20221231	20230329	36078L	0
20221231	20230322	359960	0
20221231	20230322	35996K	0
20221231	20230417	136480	20
20221231	20230421	003380	120
20221231	20230412	049130	0
20221231	20230414	013030	600
20221231	20230421	126700	120
20221231	20230412	071090	20
20221231	20230419	106190	70
20221231	20230407	000080	950
20221231	20230407	000085	1000
20221231	20230407	000087	1000
20221231	20230407	000140	500
20221231	20230407	000145	550
20221231	20230428	373200	50
20221231	20230421	066130	70
20221231	20230421	004590	140
20221231	20230421	039340	160
20221231	20230414	034950	5100
20221231	20230412	010040	45
20221231	20230407	025540	450
20221231	20230413	021830	0
20221231	20230410	180120	0
20221231	20230417	010100	70
20221231	20230407	004090	110
20221231	20230405	025550	100
20221231	20230421	002200	800
20221231	20230420	002960	18000
20221231	20230421	011060	150
20221231	20230419	016830	0
20221231	20230419	01683K	0
20221231	20230424	017890	50
20221231	20230428	000240	650
20221231	20230411	033270	400
20221231	20230412	123890	220
20221231	20230428	052690	283
20221231	20230418	063570	110
20221231	20230411	041460	70
20221231	20230428	006200	50
20221231	20230421	053300	120
20221231	20230421	023350	100
20221231	20230407	000970	400
20221231	20230414	028820	550
20221231	20230414	104700	300
20221231	20230426	017960	130
20221231	20230427	023760	28
20221231	20230411	054040	250
20221231	20230427	009760	0
20221231	20230407	161890	500
20221231	20230406	024720	300
20221231		02472K	0
20221231	20230410	021650	60
20221231	20230414	199660	0
20221231	20230414	19966K	0
20221231	20230426	161390	800
20221231	20230411	034830	90
20221231	20230407	071050	2300
20221231	20230407	071055	2361.5
20221231	20230412	281570	1500
20221231	20230428	032300	50
20221231	20230414	037230	35
20221231	20230407	159430	0
20221231	20230428	047810	250
20221231	20230417	003350	100
20221231	20230425	052600	150
20221231	20230407	011500	120
20221231	20230421	002390	400
20221231	20230331	256150	250
20221231	20230410	254030	600
20221231	20230413	092460	100
20221231	20230406	179430	400
20221231	20230404	053690	550
20221231	20230331	042700	200
20221231	20230405	008930	200
20221231	20230405	128940	500
20221231	20230421	020000	750
20221231	20230410	105630	500
20221231	20230412	016450	250
20221231	20230414	010420	25
20221231	20230410	009180	70
20221231	20230417	410980	1000
20221231	20230421	213500	500
20221231	20230421	21350K	550
20221231	20230407	014680	2100
20221231	20230427	004710	100
20221231	20230407	004150	120
20221231	20230421	004960	300
20221231	20230421	004965	350
20221231	20230426	011700	10
20221231	20230424	045100	600
20221231	20230406	001750	800
20221231	20230406	001755	850
20221231	20230420	018880	90
20221231	20230421	014130	130
20221231	20230407	300720	580
20221231	20230414	002220	30
20221231	20230407	006390	600
20221231	20230407	003300	580
20221231	20230414	007770	100
20221231	20230427	051600	1305
20221231	20230413	130660	228
20221231	20230421	002320	600
20221231	20230420	003480	100
20221231	20230421	180640	170
20221231	20230421	18064K	195
20221231	20230417	079170	200
20221231	20230426	009460	20
20221231	20230407	000880	750
20221231	20230407	000885	800
20221231	20230407	00088K	800
20221231	20230407	272210	250
20221231	20230407	012450	1000
20221231	20230420	195870	900
20221231	20230426	034810	225
20221231	20230426	03481K	230
20221231	20230420	101530	200
20221231	20230419	143210	0
20221231	20230419	14321K	163
20221231	20230419	14321L	163
20221231	20230412	214180	420
20221231	20230411	234340	500
20221231	20230421	000720	600
20221231	20230421	000725	650
20221231	20230417	170030	166
20221231	20230428	086280	5700
20221231	20230421	012330	3000
20221231	20230421	012335	3050
20221231	20230410	319400	30
20221231	20230419	052260	70
20221231	20230427	069960	1300
20221231	20230414	004560	100
20221231	20230414	004565	150
20221231	20230427	041440	70
20221231	20230404	039010	130
20221231	20230414	064540	600
20221231	20230407	017800	500
20221231	20230426	307950	1140
20221231	20230419	011210	700
20221231	20230414	090850	80
20221231	20230421	005380	6000
20221231	20230421	005385	6050
20221231	20230421	005387	6100
20221231	20230421	005389	6050
20221231	20230421	004020	1000
20221231	20230428	005440	210
20221231	20230421	001500	550
20221231	20230421	00150K	418
20221231	20230428	065900	0
20221231	20230410	011760	600
20221231	20230410	227840	500
20221231	20230420	126560	90
20221231	20230331	001450	1965
20221231	20230424	057050	2600
20221231	20230420	092300	100
20221231	20230417	003010	60
20221231	20230427	111110	300
20221231		11111M	0
20221231	20230414	008770	200
20221231	20230414	008775	250
20221231	20230426	060560	10
20221231	20230414	002460	500
20221231	20230412	378850	50
20221231	20230407	241590	45
20221231	20230407	006060	188
20221231	20230412	013520	50
20221231	20230406	010690	100
20221231	20230406	126640	40
20221231		127980	490
20221231	20230421	450320	0
20221231	20230420	010660	30
20221231	20230421	000850	2500
20221231	20230414	012670	0
20221231	20230419	016580	300
20221231	20230414	032560	200
20221231	20230404	004800	4500
20221231	20230405	094280	300
20221231	20230405	094285	305
20221231	20230404	298050	15000
20221231	20230323	309860	537500
20221231	20230404	298020	10000
20221231	20230406	093370	20
20221231	20230414	081660	750
20221231	20230412	290270	40
20221231	20230421	200670	500
20221231	20230404	065510	200
20221231	20230414	005010	350
20221231	20230421	243070	600
20221231	20230421	084110	500
20221231	20230407	024060	150
20221231	20230407	010240	220
20221231	20230413	189980	40
20221231	20230421	037440	150
20221227	20230120	155900	0
20221219	20230104	245030	0
20221215	20221229	152550	1670
20221205		152550	0
20221130	20230306	357250	135
20221130	20230228	338100	115
20221130	20230309	365550	136
20221130	20230228	417310	85
20221130	20230224	357120	175
20221130	20230228	320950	0
20221130	20230228	32095K	0
20221130	20230228	32095L	0
20221130	20230111	030010	35
20221130	20230111	03001K	0
20221130	20230322	004310	30
20221128	20221221	155900	0
20221031	20221115	002030	500
20221031	20230421	284470	0
20221031	20230131	414720	0
20221031	20230131	41472K	0
20221031	20230131	41472L	0
20221031		342040	0
20221031	20230130	34204K	0
20221031	20230130	34204L	0
