ex_dividend_date	record_date	payment_date	ticker_symbol	dividend_per_share
2023-10-30	2023-10-31		448730	70.0
2023-10-30	2023-10-31		453440	0.0
2023-10-04	2023-10-05	2023-10-25	009970	1600.0
2023-09-27	2023-10-04	2023-10-18	078520	1270.0
2023-09-27	2023-09-30	2023-11-08	105560	510.0
2023-09-27	2023-09-30	2023-11-14	017670	830.0
2023-09-27	2023-09-30	2023-10-24	002100	200.0
2023-09-27	2023-09-30	2023-10-25	023450	500.0
2023-09-27	2023-09-30	2023-10-25	086900	1100.0
2023-09-27	2023-09-30	2023-10-25	08690K	0.0
2023-09-27	2023-09-30	2023-10-25	08690L	2314.9783
2023-09-27	2023-09-30	2023-10-23	002840	500.0
2023-09-27	2023-09-30	2023-10-18	225530	150.0
2023-09-27	2023-09-30	2023-11-20	005930	361.0
2023-09-27	2023-09-30	2023-11-20	005935	361.0
2023-09-27	2023-09-30	2023-11-13	225190	50.0
2023-09-27	2023-09-30	2023-11-03	055550	525.0
2023-09-27	2023-09-30	2023-10-27	003410	70.0
2023-09-27	2023-09-30		097950	0.0
2023-09-27	2023-09-30		097955	0.0
2023-09-27	2023-09-30		096530	0.0
2023-09-27	2023-09-30	2023-10-31	002310	500.0
2023-09-27	2023-09-30		122900	0.0
2023-09-27	2023-09-30		395400	91.0
2023-09-27	2023-09-30	2023-11-14	000660	300.0
2023-09-27	2023-09-30	2023-11-10	267250	900.0
2023-09-27	2023-09-30	2023-11-10	316140	180.0
2023-09-27	2023-09-30		381970	0.0
2023-09-27	2023-09-30		003070	0.0
2023-09-27	2023-09-30		003075	0.0
2023-09-27	2023-09-30		005490	0.0
2023-09-27	2023-09-30	2023-10-31	161580	188.0
2023-09-27	2023-09-30	2023-11-10	086790	600.0
2023-09-27	2023-09-30	2023-10-27	004590	35.0
2023-09-27	2023-09-30	2023-10-20	168490	576.0
2023-09-27	2023-09-30		009240	0.0
2023-09-27	2023-09-30	2023-10-20	213500	200.0
2023-09-27	2023-09-30	2023-10-20	21350K	200.0
2023-09-27	2023-09-30		018880	0.0
2023-09-27	2023-09-30	2023-11-14	005380	1500.0
2023-09-27	2023-09-30	2023-11-14	005385	1500.0
2023-09-27	2023-09-30	2023-11-14	005387	1500.0
2023-09-27	2023-09-30	2023-11-14	005389	1500.0
2023-09-27	2023-09-30	2023-10-18	060560	10.0
2023-09-27	2023-09-30	2023-11-16	094280	150.0
2023-09-27	2023-09-30	2023-11-16	094285	150.0
2023-09-27	2023-09-30		081660	0.0
2023-09-14	2023-09-15	2023-10-13	035150	100.0
2023-08-30	2023-08-31		417310	66.0
2023-08-10	2023-08-11	2023-08-25	138930	100.0
2023-08-09	2023-08-10	2023-08-31	034730	1500.0
2023-08-09	2023-08-10	2023-08-31	03473K	1500.0
2023-07-28	2023-07-31	2023-10-20	360000	0.0
2023-07-28	2023-07-31	2023-10-20	36000K	0.0
2023-07-28	2023-07-31		443100	0.0
2023-07-28	2023-07-31	2023-10-30	44310K	0.0
2023-07-28	2023-07-31	2023-10-30	44310L	0.0
2023-07-28	2023-07-31	2023-10-30	44310M	0.0
2023-07-28	2023-07-31	2023-11-07	448730	70.35801
2023-07-28	2023-07-31	2023-10-27	432320	188.0
2023-07-27	2023-07-28	2023-08-11	168490	240.0
2023-07-24	2023-07-25	2023-08-10	002030	600.0
2023-07-19	2023-07-20	2023-08-04	002900	50.0
2023-07-18	2023-07-19	2023-08-01	203810	0.0
2023-07-07	2023-07-10	2023-08-09	004050	327.0
2023-06-29	2023-06-30	2023-08-10	017940	700.0
2023-06-29	2023-06-30	2023-08-08	175330	120.0
2023-06-29	2023-06-30	2023-08-08	105560	510.0
2023-06-29	2023-06-30	2023-08-08	025000	500.0
2023-06-29	2023-06-30	2023-08-10	092230	750.0
2023-06-29	2023-06-30	2023-08-25	032640	250.0
2023-06-29	2023-06-30	2023-08-25	010950	200.0
2023-06-29	2023-06-30	2023-08-25	010955	200.0
2023-06-29	2023-06-30	2023-08-18	018670	2000.0
2023-06-29	2023-06-30	2023-08-25	285130	400.0
2023-06-29	2023-06-30	2023-08-25	28513K	400.0
2023-06-29	2023-06-30	2023-08-11	017670	830.0
2023-06-29	2023-06-30	2023-08-11	049720	180.0
2023-06-29	2023-06-30	2023-08-24	010130	10000.0
2023-06-29	2023-06-30	2023-09-19	374760	0.0
2023-06-29	2023-06-30	2023-08-09	083420	80.0
2023-06-29	2023-06-30	2023-08-29	013700	5.0
2023-06-29	2023-06-30	2023-08-22	035420	415.0
2023-06-29	2023-06-30		178600	0.0
2023-06-29	2023-06-30		17860K	35.0
2023-06-29	2023-06-30		17860L	30.0
2023-06-29	2023-06-30		430970	0.0
2023-06-29	2023-06-30		43097K	0.0
2023-06-29	2023-06-30	2023-10-06	43097L	0.0
2023-06-29	2023-06-30		43097M	0.0
2023-06-29	2023-06-30	2023-10-06	43097N	0.0
2023-06-29	2023-06-30	2023-08-24	067080	50.0
2023-06-29	2023-06-30	2023-08-10	000640	1000.0
2023-06-29	2023-06-30	2023-08-14	241560	800.0
2023-06-29	2023-06-30		418870	0.0
2023-06-29	2023-06-30	2023-08-30	41887K	0.0
2023-06-29	2023-06-30	2023-08-30	41887L	0.0
2023-06-29	2023-06-30	2023-08-30	41887M	0.0
2023-06-29	2023-06-30	2023-07-28	007340	500.0
2023-06-29	2023-06-30	2023-08-11	038390	200.0
2023-06-29	2023-06-30	2023-09-22	330590	109.182846
2023-06-29	2023-06-30	2023-10-06	169330	120.0
2023-06-29	2023-06-30	2023-08-28	088980	385.0
2023-06-29	2023-06-30	2023-08-30	012690	100.0
2023-06-29	2023-06-30	2023-10-18	015250	100.0
2023-06-29	2023-06-30	2023-07-24	002840	500.0
2023-06-29	2023-06-30	2023-07-27	268280	700.0
2023-06-29	2023-06-30	2023-07-26	134380	1500.0
2023-06-29	2023-06-30	2023-07-26	337930	40.0
2023-06-29	2023-06-30	2023-08-16	005930	361.0
2023-06-29	2023-06-30	2023-08-16	005935	361.0
2023-06-29	2023-06-30	2023-09-01	003230	1000.0
2023-06-29	2023-06-30	2023-08-07	225190	100.0
2023-06-29	2023-06-30	2023-08-11	004450	500.0
2023-06-29	2023-06-30	2023-08-08	065710	500.0
2023-06-29	2023-06-30	2023-08-31	148150	200.0
2023-06-29	2023-06-30	2023-08-31	14815K	442.56
2023-06-29	2023-06-30	2023-10-26	021820	100.0
2023-06-29	2023-06-30	2023-10-26	066710	50.0
2023-06-29	2023-06-30	2023-10-17	005390	50.0
2023-06-29	2023-06-30	2023-08-04	055550	525.0
2023-06-29	2023-06-30	2023-09-27	404990	150.0
2023-06-29	2023-06-30	2023-07-26	004080	130.0
2023-06-29	2023-06-30	2023-08-14	003410	70.0
2023-06-29	2023-06-30	2023-08-07	352700	50.0
2023-06-29	2023-06-30	2023-08-25	097950	1000.0
2023-06-29	2023-06-30	2023-08-25	097955	1000.0
2023-06-29	2023-06-30	2023-08-29	096530	200.0
2023-06-29	2023-06-30	2023-10-13	050860	50.0
2023-06-29	2023-06-30	2023-08-24	122900	150.0
2023-06-29	2023-06-30	2023-10-20	030960	50.0
2023-06-29	2023-06-30	2023-08-18	003570	150.0
2023-06-29	2023-06-30	2023-08-18	064960	600.0
2023-06-29	2023-06-30	2023-08-18	100840	400.0
2023-06-29	2023-06-30	2023-08-21	036530	300.0
2023-06-29	2023-06-30	2023-08-29	056190	180.0
2023-06-29	2023-06-30	2023-08-18	006120	500.0
2023-06-29	2023-06-30	2023-08-18	006125	500.0
2023-06-29	2023-06-30	2023-08-08	210980	400.0
2023-06-29	2023-06-30	2023-08-08	21098L	400.0
2023-06-29	2023-06-30	2023-09-14	395400	66.0
2023-06-29	2023-06-30	2023-08-14	000660	300.0
2023-06-29	2023-06-30	2023-07-25	037890	800.0
2023-06-29	2023-06-30	2023-08-03	221960	0.0
2023-06-29	2023-06-30	2023-08-11	267250	900.0
2023-06-29	2023-06-30	2023-10-10	386150	0.0
2023-06-29	2023-06-30	2023-10-10	38615K	0.0
2023-06-29	2023-06-30	2023-10-10	38615L	0.0
2023-06-29	2023-06-30	2023-08-18	230360	130.0
2023-06-29	2023-06-30	2023-09-27	400760	138.0
2023-06-29	2023-06-30	2023-08-09	316140	180.0
2023-06-29	2023-06-30		434780	0.0
2023-06-29	2023-06-30	2023-10-11	43478K	0.0
2023-06-29	2023-06-30	2023-07-21	105840	50.0
2023-06-29	2023-06-30	2023-08-18	214320	450.0
2023-06-29	2023-06-30	2023-09-27	088260	200.0
2023-06-29	2023-06-30	2023-09-22	350520	133.0
2023-06-29	2023-06-30	2023-08-25	049070	50.0
2023-06-29	2023-06-30	2023-10-13	348950	190.0
2023-06-29	2023-06-30	2023-07-14	194370	350.0
2023-06-29	2023-06-30	2023-08-25	053050	20.0
2023-06-29	2023-06-30	2023-08-08	003780	50.0
2023-06-29	2023-06-30	2023-08-08	010640	50.0
2023-06-29	2023-06-30	2023-08-09	100250	50.0
2023-06-29	2023-06-30	2023-07-17	078340	1300.0
2023-06-29	2023-06-30	2023-07-21	214370	1200.0
2023-06-29	2023-06-30	2023-08-09	002380	1000.0
2023-06-29	2023-06-30	2023-07-31	344820	800.0
2023-06-29	2023-06-30		435230	0.0
2023-06-29	2023-06-30	2023-09-25	43523K	0.0
2023-06-29	2023-06-30	2023-09-25	43523L	0.0
2023-06-29	2023-06-30	2023-08-22	381970	190.0
2023-06-29	2023-06-30	2023-08-23	033780	1200.0
2023-06-29	2023-06-30		369550	0.0
2023-06-29	2023-06-30	2023-10-06	36955K	0.0
2023-06-29	2023-06-30	2023-10-06	36955L	0.0
2023-06-29	2023-06-30	2023-08-30	094930	0.0
2023-06-29	2023-06-30	2023-07-21	033290	60.0
2023-06-29	2023-06-30	2023-08-21	096240	1000.0
2023-06-29	2023-06-30	2023-09-27	435770	0.0
2023-06-29	2023-06-30	2023-09-27	43577K	0.0
2023-06-29	2023-06-30	2023-09-27	43577L	0.0
2023-06-29	2023-06-30	2023-08-28	005490	2500.0
2023-06-29	2023-06-30	2023-10-17	189690	100.0
2023-06-29	2023-06-30	2023-08-10	086790	600.0
2023-06-29	2023-06-30		396580	0.0
2023-06-29	2023-06-30	2023-09-27	39658K	0.0
2023-06-29	2023-06-30	2023-09-27	39658L	0.0
2023-06-29	2023-06-30		397340	0.0
2023-06-29	2023-06-30	2023-09-27	39734K	0.0
2023-06-29	2023-06-30		360780	0.0
2023-06-29	2023-06-30	2023-09-26	36078K	0.0
2023-06-29	2023-06-30	2023-09-26	36078L	0.0
2023-06-29	2023-06-30		359960	0.0
2023-06-29	2023-06-30	2023-09-26	35996K	0.0
2023-06-29	2023-06-30	2023-08-23	034950	1381.0
2023-06-29	2023-06-30	2023-08-08	025540	250.0
2023-06-29	2023-06-30	2023-08-25	009240	1500.0
2023-06-29	2023-06-30	2023-08-24	018880	90.0
2023-06-29	2023-06-30	2023-08-14	012330	1000.0
2023-06-29	2023-06-30	2023-08-14	012335	1000.0
2023-06-29	2023-06-30	2023-08-14	005380	1500.0
2023-06-29	2023-06-30	2023-08-14	005385	1500.0
2023-06-29	2023-06-30	2023-08-14	005387	1500.0
2023-06-29	2023-06-30	2023-08-14	005389	1500.0
2023-06-29	2023-06-30	2023-08-17	094280	150.0
2023-06-29	2023-06-30	2023-08-17	094285	150.0
2023-06-29	2023-06-30	2023-08-25	200670	250.0
2023-06-29	2023-06-30	2023-08-25	243070	300.0
2023-06-29	2023-06-30	2023-08-25	084110	250.0
2023-06-20	2023-06-21	2023-07-21	155900	0.0
2023-05-30	2023-05-31	2023-09-06	357250	154.0
2023-05-30	2023-05-31	2023-08-29	338100	131.0
2023-05-30	2023-05-31		142690	0.0
2023-05-30	2023-05-31	2023-09-08	365550	135.0
2023-05-30	2023-05-31	2023-08-29	417310	81.0
2023-05-30	2023-05-31	2023-08-31	357120	200.0
2023-05-26	2023-05-29	2023-06-21	155900	0.0
2023-05-16	2023-05-17	2023-06-05	220630	0.0
2023-05-16	2023-05-17	2023-06-08	358720	0.0
2023-04-28	2023-04-30	2023-08-07	448730	58.43732
2023-04-28	2023-04-30		414720	0.0
2023-04-28	2023-04-30	2023-07-31	41472K	0.0
2023-04-28	2023-04-30	2023-07-31	41472L	0.0
2023-04-28	2023-04-30		342040	0.0
2023-04-28	2023-04-30	2023-07-28	34204K	0.0
2023-04-28	2023-04-30	2023-07-28	34204L	0.0
2023-04-28	2023-04-30	2023-08-11	451800	131.0
2023-04-26	2023-04-27	2023-05-22	155900	0.0
2023-04-24	2023-04-25	2023-05-10	056070	1000.0
2023-04-19	2023-04-20	2023-05-04	337730	25000.0
2023-04-17	2023-04-18	2023-04-28	203810	0.0
2023-03-30	2023-03-31	2023-05-11	105560	510.0
2023-03-30	2023-03-31	2023-07-03	950110	153.1122
2023-03-30	2023-03-31	2023-05-10	017670	830.0
2023-03-30	2023-03-31	2023-05-30	008870	400.0
2023-03-30	2023-03-31	2023-07-07	092440	150.0
2023-03-30	2023-03-31	2023-07-14	020180	20.0
2023-03-30	2023-03-31	2023-07-27	018500	20.0
2023-03-30	2023-03-31	2023-06-23	377190	150.0
2023-03-30	2023-03-31	2023-06-29	044130	33.0
2023-03-30	2023-03-31	2023-06-29	04413K	75.0
2023-03-30	2023-03-31	2023-06-22	357430	152.0
2023-03-30	2023-03-31	2023-07-07	396690	154.1
2023-03-30	2023-03-31	2023-05-17	005930	361.0
2023-03-30	2023-03-31	2023-05-17	005935	361.0
2023-03-30	2023-03-31	2023-05-12	225190	100.0
2023-03-30	2023-03-31	2023-07-07	001720	4000.0
2023-03-30	2023-03-31	2023-07-07	001725	4050.0
2023-03-30	2023-03-31	2023-05-12	055550	525.0
2023-03-30	2023-03-31	2023-06-30	362010	0.0
2023-03-30	2023-03-31	2023-06-30	36201K	0.0
2023-03-30	2023-03-31	2023-06-30	36201L	0.0
2023-03-30	2023-03-31	2023-06-23	327000	0.0
2023-03-30	2023-03-31	2023-06-23	32700L	0.0
2023-03-30	2023-03-31	2023-06-23	32700K	0.0
2023-03-30	2023-03-31	2023-06-29	293940	190.0
2023-03-30	2023-03-31	2023-06-29	29394K	411.0
2023-03-30	2023-03-31	2023-06-29	335050	0.0
2023-03-30	2023-03-31	2023-06-29	33505K	0.0
2023-03-30	2023-03-31	2023-06-29	33505L	0.0
2023-03-30	2023-03-31	2023-05-09	003410	70.0
2023-03-30	2023-03-31	2023-05-26	097950	1000.0
2023-03-30	2023-03-31	2023-05-26	097955	1000.0
2023-03-30	2023-03-31	2023-05-30	096530	200.0
2023-03-30	2023-03-31	2023-05-25	122900	150.0
2023-03-30	2023-03-31	2023-07-20	289080	20.0
2023-03-30	2023-03-31	2023-07-19	083030	6900.0
2023-03-30	2023-03-31	2023-07-06	395400	66.0
2023-03-30	2023-03-31	2023-05-08	000660	300.0
2023-03-30	2023-03-31	2023-05-25	230360	70.0
2023-03-30	2023-03-31	2023-04-19	015360	6000.0
2023-03-30	2023-03-31	2023-06-30	067010	120.0
2023-03-30	2023-03-31	2023-05-23	381970	190.0
2023-03-30	2023-03-31	2023-07-25	190650	200.0
2023-03-30	2023-03-31	2023-04-28	084870	50.0
2023-03-30	2023-03-31	2023-05-16	425040	400.0
2023-03-30	2023-03-31	2023-06-01	005490	2500.0
2023-03-30	2023-03-31	2023-05-12	086790	600.0
2023-03-30	2023-03-31	2023-04-14	168490	10.0
2023-03-30	2023-03-31		009240	0.0
2023-03-30	2023-03-31	2023-05-25	018880	90.0
2023-03-30	2023-03-31	2023-05-18	094280	150.0
2023-03-30	2023-03-31	2023-05-18	094285	150.0
2023-03-27	2023-03-28	2023-04-18	153380	600.0
2023-03-24	2023-03-27	2023-04-21	155900	0.0
2023-03-24	2023-03-27	2023-04-10	354760	0.0
2023-03-24	2023-03-27	2023-04-10	35476K	0.0
2023-03-24	2023-03-27	2023-04-10	35476L	0.0
2023-03-24	2023-03-27	2023-04-10	35476M	0.0
2023-03-24	2023-03-27	2023-04-10	35476N	0.0
2023-03-24	2023-03-27	2023-04-10	35476P	0.0
2023-03-24	2023-03-27	2023-04-10	35476Q	0.0
2023-03-24	2023-03-27	2023-04-10	35476R	0.0
2023-02-27	2023-02-28	2023-05-10	321790	0.0
2023-02-27	2023-02-28	2023-05-10	32179K	0.0
2023-02-27	2023-02-28	2023-05-10	32179L	0.0
2023-02-27	2023-02-28	2023-05-31	334890	212.90488
2023-02-27	2023-02-28	2023-05-30	405410	0.0
2023-02-27	2023-02-28	2023-05-30	40541K	0.0
2023-02-27	2023-02-28	2023-05-30	417310	83.0
2023-02-24	2023-02-27	2023-03-21	155900	0.0
2023-01-31	2023-02-01	2023-02-27	419360	0.0
2023-01-30	2023-01-31	2023-04-21	360000	0.0
2023-01-30	2023-01-31	2023-04-21	36000K	0.0
2023-01-30	2023-01-31	2023-04-28	443100	0.0
2023-01-30	2023-01-31	2023-04-28	44310K	0.0
2023-01-30	2023-01-31	2023-04-28	44310L	0.0
2023-01-30	2023-01-31	2023-04-28	44310M	0.0
2023-01-30	2023-01-31	2023-04-28	432320	165.0
2023-01-26	2023-01-27	2023-02-21	155900	0.0
2023-01-13	2023-01-16	2023-02-01	203810	0.0
2022-12-30	2023-01-01	2023-04-07	003540	1200.0
2022-12-30	2023-01-01	2023-04-07	003545	1250.0
2022-12-30	2023-01-01	2023-04-07	003547	1200.0
2022-12-30	2022-12-31	2023-04-24	318010	100.0
2022-12-30	2022-12-31	2023-03-30	138930	625.0
2022-12-30	2022-12-31	2023-04-21	001460	3000.0
2022-12-30	2022-12-31	2023-04-21	001465	3050.0
2022-12-30	2022-12-31	2023-04-28	000990	1300.0
2022-12-30	2022-12-31	2023-04-28	000995	1350.0
2022-12-30	2022-12-31		000997	0.0
2022-12-30	2022-12-31	2023-04-13	139130	650.0
2022-12-30	2022-12-31	2023-04-14	004840	40.0
2022-12-30	2022-12-31	2023-04-10	017940	3600.0
2022-12-30	2022-12-31	2023-04-21	089470	120.0
2022-12-30	2022-12-31	2023-04-10	175330	715.0
2022-12-30	2022-12-31	2023-04-21	143500	0.0
2022-12-30	2022-12-31	2023-04-10	105560	1450.0
2022-12-30	2022-12-31	2023-04-27	024120	150.0
2022-12-30	2022-12-31	2023-04-21	060720	300.0
2022-12-30	2022-12-31	2023-04-14	001940	600.0
2022-12-30	2022-12-31	2023-04-14	071430	0.0
2022-12-30	2022-12-31	2023-04-04	025000	2250.0
2022-12-30	2022-12-31	2023-04-06	092230	2400.0
2022-12-30	2022-12-31	2023-04-13	093050	700.0
2022-12-30	2022-12-31	2023-04-12	003550	3000.0
2022-12-30	2022-12-31	2023-04-12	003555	3050.0
2022-12-30	2022-12-31	2023-04-05	051900	4000.0
2022-12-30	2022-12-31	2023-04-05	051905	4050.0
2022-12-30	2022-12-31	2023-04-14	032640	400.0
2022-12-30	2022-12-31	2023-04-21	011070	4150.0
2022-12-30	2022-12-31	2023-04-26	066570	700.0
2022-12-30	2022-12-31	2023-04-26	066575	750.0
2022-12-30	2022-12-31	2023-04-26	051910	10000.0
2022-12-30	2022-12-31	2023-04-26	051915	10050.0
2022-12-30	2022-12-31	2023-04-07	006260	1550.0
2022-12-30	2022-12-31	2023-04-21	108320	4500.0
2022-12-30	2022-12-31	2023-04-19	001120	3000.0
2022-12-30	2022-12-31	2023-04-21	108670	200.0
2022-12-30	2022-12-31	2023-04-21	108675	250.0
2022-12-30	2022-12-31	2023-04-21	023150	250.0
2022-12-30	2022-12-31	2023-04-13	005940	700.0
2022-12-30	2022-12-31	2023-04-13	005945	750.0
2022-12-30	2022-12-31	2023-04-24	034310	410.0
2022-12-30	2022-12-31	2023-04-07	010060	2500.0
2022-12-30	2022-12-31	2023-04-28	010950	3000.0
2022-12-30	2022-12-31	2023-04-28	010955	3025.0
2022-12-30	2022-12-31	2023-04-20	002360	10.0
2022-12-30	2022-12-31	2023-04-20	002365	15.0
2022-12-30	2022-12-31	2023-04-28	034730	3500.0
2022-12-30	2022-12-31	2023-04-28	03473K	3550.0
2022-12-30	2022-12-31	2023-04-20	011790	1100.0
2022-12-30	2022-12-31	2023-04-21	018670	5500.0
2022-12-30	2022-12-31	2023-04-21	001740	120.0
2022-12-30	2022-12-31	2023-04-21	001745	145.0
2022-12-30	2022-12-31	2023-04-28	003340	600.0
2022-12-30	2022-12-31	2023-04-28	00334N	31533.0
2022-12-30	2022-12-31	2023-04-28	00334P	600.0
2022-12-30	2022-12-31	2023-04-28	00334K	0.0
2022-12-30	2022-12-31	2023-04-28	00334L	0.0
2022-12-30	2022-12-31	2023-04-28	001510	5.0
2022-12-30	2022-12-31	2023-04-28	001515	10.0
2022-12-30	2022-12-31	2023-04-27	285130	1100.0
2022-12-30	2022-12-31	2023-04-27	28513K	1150.0
2022-12-30	2022-12-31	2023-04-27	017670	830.0
2022-12-30	2022-12-31	2023-04-28	048770	25.0
2022-12-30	2022-12-31	2023-04-14	122870	250.0
2022-12-30	2022-12-31	2023-04-19	051390	150.0
2022-12-30	2022-12-31	2023-04-06	079940	70.0
2022-12-30	2022-12-31	2023-04-07	000500	50.0
2022-12-30	2022-12-31	2023-04-27	000860	500.0
2022-12-30	2022-12-31	2023-04-26	035250	350.0
2022-12-30	2022-12-31	2023-04-24	094480	45.0
2022-12-30	2022-12-31	2023-04-19	061710	0.0
2022-12-30	2022-12-31	2023-04-03	039240	130.0
2022-12-30	2022-12-31	2023-04-11	002100	400.0
2022-12-30	2022-12-31	2023-04-06	009450	500.0
2022-12-30	2022-12-31	2023-04-21	267290	875.0
2022-12-30	2022-12-31	2023-04-26	012320	750.0
2022-12-30	2022-12-31	2023-04-18	011040	400.0
2022-12-30	2022-12-31	2023-04-14	000050	125.0
2022-12-30	2022-12-31	2023-04-14	214390	50.0
2022-12-30	2022-12-31	2023-04-11	012610	50.0
2022-12-30	2022-12-31	2023-04-04	009140	350.0
2022-12-30	2022-12-31	2023-04-21	013580	500.0
2022-12-30	2022-12-31	2023-04-18	012200	25.0
2022-12-30	2022-12-31	2023-04-18	012205	30.0
2022-12-30	2022-12-31	2023-04-21	081630	0.0
2022-12-30	2022-12-31	2023-04-07	002140	25.0
2022-12-30	2022-12-31	2023-03-17	049720	170.0
2022-12-30	2022-12-31	2023-03-30	010130	20000.0
2022-12-30	2022-12-31	2023-04-17	002240	300.0
2022-12-30	2022-12-31	2023-04-05	014570	180.0
2022-12-30	2022-12-31	2023-04-14	950190	92.47
2022-12-30	2022-12-31	2023-04-12	389970	0.0
2022-12-30	2022-12-31	2023-04-12	38997K	0.0
2022-12-30	2022-12-31	2023-04-12	38997L	0.0
2022-12-30	2022-12-31	2023-04-14	098460	140.0
2022-12-30	2022-12-31	2023-04-12	123900	90.0
2022-12-30	2022-12-31	2023-04-13	215000	4500.0
2022-12-30	2022-12-31	2023-04-14	121440	163.0
2022-12-30	2022-12-31	2023-04-17	366030	180.0
2022-12-30	2022-12-31	2023-04-07	076340	100.0
2022-12-30	2022-12-31	2023-04-20	009290	100.0
2022-12-30	2022-12-31	2023-04-12	017040	10.0
2022-12-30	2022-12-31	2023-04-18	017900	50.0
2022-12-30	2022-12-31	2023-04-20	037710	2200.0
2022-12-30	2022-12-31	2023-03-16	073980	500.0
2022-12-30	2022-12-31	2023-03-22	374760	0.0
2022-12-30	2022-12-31	2023-04-07	030610	200.0
2022-12-30	2022-12-31	2023-04-25	339770	200.0
2022-12-30	2022-12-31	2023-04-11	053270	30.0
2022-12-30	2022-12-31	2023-03-28	007690	1400.0
2022-12-30	2022-12-31	2023-04-21	066620	400.0
2022-12-30	2022-12-31	2023-04-05	043650	210.0
2022-12-30	2022-12-31	2023-04-07	060480	50.0
2022-12-30	2022-12-31	2023-04-25	063190	0.0
2022-12-30	2022-12-31	2023-04-18	035080	200.0
2022-12-30	2022-12-31	2023-04-07	204020	30.0
2022-12-30	2022-12-31	2023-04-11	083420	150.0
2022-12-30	2022-12-31	2023-04-18	186230	0.0
2022-12-30	2022-12-31	2023-04-18	18623N	5.0
2022-12-30	2022-12-31	2023-04-25	014530	200.0
2022-12-30	2022-12-31	2023-04-26	006250	0.0
2022-12-30	2022-12-31	2023-04-27	083450	300.0
2022-12-30	2022-12-31	2023-04-07	014280	120.0
2022-12-30	2022-12-31	2023-04-07	014285	130.0
2022-12-30	2022-12-31	2023-04-11	053260	120.0
2022-12-30	2022-12-31		282720	350.0
2022-12-30	2022-12-31	2023-04-06	002990	500.0
2022-12-30	2022-12-31	2023-04-06	002995	550.0
2022-12-30	2022-12-31	2023-04-21	011780	5400.0
2022-12-30	2022-12-31	2023-04-21	011785	5450.0
2022-12-30	2022-12-31	2023-04-14	036190	1300.0
2022-12-30	2022-12-31	2023-04-17	420770	750.0
2022-12-30	2022-12-31	2023-04-17	000270	3500.0
2022-12-30	2022-12-31	2023-04-03	409630	0.0
2022-12-30	2022-12-31	2023-04-03	40963K	0.0
2022-12-30	2022-12-31	2023-04-03	40963L	0.0
2022-12-30	2022-12-31	2023-04-28	013700	15.0
2022-12-30	2022-12-31	2023-04-14	121600	250.0
2022-12-30	2022-12-31	2023-04-14	12160M	2186.05
2022-12-30	2022-12-31	2023-04-14	12160N	5.0
2022-12-30	2022-12-31	2023-03-31	040970	0.0
2022-12-30	2022-12-31	2023-04-21	358400	0.0
2022-12-30	2022-12-31	2023-04-14	051490	70.0
2022-12-30	2022-12-31	2023-04-27	137080	100.0
2022-12-30	2022-12-31	2023-04-10	293580	180.0
2022-12-30	2022-12-31	2023-04-14	130580	182.0
2022-12-30	2022-12-31	2023-04-18	036800	650.0
2022-12-30	2022-12-31	2023-04-17	030190	370.0
2022-12-30	2022-12-31	2023-03-31	043960	0.0
2022-12-30	2022-12-31	2023-04-21	004270	25.0
2022-12-30	2022-12-31	2023-04-28	003920	1000.0
2022-12-30	2022-12-31	2023-04-28	003925	1050.0
2022-12-30	2022-12-31	2023-04-21	025860	100.0
2022-12-30	2022-12-31	2023-04-20	111710	300.0
2022-12-30	2022-12-31	2023-04-21	091590	200.0
2022-12-30	2022-12-31	2023-03-09	079180	0.0
2022-12-30	2022-12-31	2023-04-13	253590	35.0
2022-12-30	2022-12-31	2023-04-21	212560	100.0
2022-12-30	2022-12-31	2023-04-04	085910	250.0
2022-12-30	2022-12-31	2023-04-07	092730	700.0
2022-12-30	2022-12-31	2023-04-28	005720	110.0
2022-12-30	2022-12-31	2023-04-28	005725	115.0
2022-12-30	2022-12-31	2023-04-28	002350	100.0
2022-12-30	2022-12-31	2023-04-28	002355	105.0
2022-12-30	2022-12-31	2023-04-19	038990	139000.0
2022-12-30	2022-12-31	2023-04-17	348210	500.0
2022-12-30	2022-12-31	2023-04-28	298420	0.0
2022-12-30	2022-12-31	2023-04-21	090350	275.0
2022-12-30	2022-12-31	2023-04-21	090355	280.0
2022-12-30	2022-12-31	2023-04-21	000320	500.0
2022-12-30	2022-12-31	2023-04-21	000325	505.0
2022-12-30	2022-12-31	2023-04-20	194700	150.0
2022-12-30	2022-12-31	2023-04-17	285490	200.0
2022-12-30	2022-12-31	2023-04-07	006280	1750.0
2022-12-30	2022-12-31	2023-04-07	234690	100.0
2022-12-30	2022-12-31	2023-04-07	005250	300.0
2022-12-30	2022-12-31	2023-04-07	005255	305.0
2022-12-30	2022-12-31	2023-04-07	005257	300.0
2022-12-30	2022-12-31	2023-04-24	004370	5000.0
2022-12-30	2022-12-31	2023-04-27	072710	2500.0
2022-12-30	2022-12-31	2023-04-28	054050	200.0
2022-12-30	2022-12-31		419970	0.0
2022-12-30	2022-12-31		41997M	0.0
2022-12-30	2022-12-31		41997K	0.0
2022-12-30	2022-12-31		41997L	0.0
2022-12-30	2022-12-31		41997N	0.0
2022-12-30	2022-12-31		41997P	0.0
2022-12-30	2022-12-31		41997Q	0.0
2022-12-30	2022-12-31	2023-04-20	270870	250.0
2022-12-30	2022-12-31	2023-04-18	349200	0.0
2022-12-30	2022-12-31	2023-04-21	144960	50.0
2022-12-30	2022-12-31	2023-04-14	030210	0.0
2022-12-30	2022-12-31	2023-04-14	03021K	0.0
2022-12-30	2022-12-31	2023-04-14	03021L	0.0
2022-12-30	2022-12-31	2023-04-14	023590	600.0
2022-12-30	2022-12-31	2023-04-18	032190	300.0
2022-12-30	2022-12-31	2023-04-19	009280	0.0
2022-12-30	2022-12-31	2023-04-07	019680	0.0
2022-12-30	2022-12-31	2023-04-07	019685	15.0
2022-12-30	2022-12-31	2023-04-14	006370	50.0
2022-12-30	2022-12-31	2023-04-14	006375	100.0
2022-12-30	2022-12-31	2023-04-11	008060	400.0
2022-12-30	2022-12-31	2023-04-11	00806K	405.0
2022-12-30	2022-12-31	2023-04-11	353200	400.0
2022-12-30	2022-12-31	2023-04-11	35320K	405.0
2022-12-30	2022-12-31	2023-04-24	000490	100.0
2022-12-30	2022-12-31	2023-04-24	00049K	100.0
2022-12-30	2022-12-31	2023-04-19	020400	60.0
2022-12-30	2022-12-31	2023-04-18	008830	40.0
2022-12-30	2022-12-31	2023-04-28	048470	30.0
2022-12-30	2022-12-31	2023-04-24	004780	100.0
2022-12-30	2022-12-31	2023-03-31	080610	2000.0
2022-12-30	2022-12-31	2023-04-10	005750	110.0
2022-12-30	2022-12-31	2023-04-21	017650	100.0
2022-12-30	2022-12-31	2023-04-13	006570	30.0
2022-12-30	2022-12-31	2023-04-17	317850	90.0
2022-12-30	2022-12-31	2023-04-17	078140	50.0
2022-12-30	2022-12-31	2023-04-21	001680	800.0
2022-12-30	2022-12-31	2023-04-21	001685	810.0
2022-12-30	2022-12-31	2023-04-21	084690	270.0
2022-12-30	2022-12-31	2023-04-21	084695	280.0
2022-12-30	2022-12-31	2023-04-19	036480	75.0
2022-12-30	2022-12-31	2023-04-25	117580	250.0
2022-12-30	2022-12-31	2023-04-26	016710	250.0
2022-12-30	2022-12-31	2023-04-11	006580	40.0
2022-12-30	2022-12-31	2023-04-07	003090	100.0
2022-12-30	2022-12-31	2023-04-07	069620	600.0
2022-12-30	2022-12-31	2023-04-14	007680	300.0
2022-12-30	2022-12-31	2023-04-21	000430	100.0
2022-12-30	2022-12-31	2023-04-19	048910	100.0
2022-12-30	2022-12-31	2023-04-12	005710	175.0
2022-12-30	2022-12-31	2023-04-21	003220	350.0
2022-12-30	2022-12-31	2023-04-17	290120	200.0
2022-12-30	2022-12-31	2023-04-05	048740	100.0
2022-12-30	2022-12-31	2023-04-20	120240	400.0
2022-12-30	2022-12-31	2023-04-18	003310	35.0
2022-12-30	2022-12-31	2023-04-14	078600	100.0
2022-12-30	2022-12-31	2023-04-21	015230	200.0
2022-12-30	2022-12-31	2023-04-25	140520	150.0
2022-12-30	2022-12-31	2023-04-07	131220	60.0
2022-12-30	2022-12-31	2023-04-14	054670	100.0
2022-12-30	2022-12-31	2023-04-21	023910	650.0
2022-12-30	2022-12-31	2023-03-20	006650	1000.0
2022-12-30	2022-12-31		430970	0.0
2022-12-30	2022-12-31		43097K	0.0
2022-12-30	2022-12-31	2023-03-31	43097L	0.0
2022-12-30	2022-12-31		43097M	0.0
2022-12-30	2022-12-31	2023-03-31	43097N	0.0
2022-12-30	2022-12-31	2023-04-28	084010	780.0
2022-12-30	2022-12-31	2023-04-03	001790	120.0
2022-12-30	2022-12-31	2023-04-03	001795	125.0
2022-12-30	2022-12-31		001797	0.0
2022-12-30	2022-12-31	2023-04-12	001130	2500.0
2022-12-30	2022-12-31	2023-04-21	003490	750.0
2022-12-30	2022-12-31	2023-04-21	003495	800.0
2022-12-30	2022-12-31	2023-04-25	003830	750.0
2022-12-30	2022-12-31	2023-03-29	016090	110.0
2022-12-30	2022-12-31	2023-04-14	067080	100.0
2022-12-30	2022-12-31	2023-04-07	298540	400.0
2022-12-30	2022-12-31	2023-04-07	29854K	0.0
2022-12-30	2022-12-31	2023-04-14	192080	600.0
2022-12-30	2022-12-31	2023-04-21	012510	123.0
2022-12-30	2022-12-31	2023-04-21	01251K	3408.0
2022-12-30	2022-12-31	2023-04-14	004830	45.0
2022-12-30	2022-12-31	2023-04-14	004835	50.0
2022-12-30	2022-12-31	2023-04-11	090410	20.0
2022-12-30	2022-12-31	2023-04-27	263600	70.0
2022-12-30	2022-12-31	2023-04-17	446530	100.0
2022-12-30	2022-12-31	2023-04-14	145720	300.0
2022-12-30	2022-12-31	2023-04-11	067990	360.0
2022-12-30	2022-12-31	2023-04-07	193030	0.0
2022-12-30	2022-12-31	2023-04-07	19303P	30.0
2022-12-30	2022-12-31	2023-04-07	19303M	0.0
2022-12-30	2022-12-31	2023-04-07	19303N	20.0
2022-12-30	2022-12-31	2023-04-07	002150	280.0
2022-12-30	2022-12-31	2023-04-07	006620	110.0
2022-12-30	2022-12-31	2023-04-21	005160	130.0
2022-12-30	2022-12-31	2023-04-21	075970	80.0
2022-12-30	2022-12-31	2023-04-21	086450	180.0
2022-12-30	2022-12-31	2023-04-21	08645K	180.0
2022-12-30	2022-12-31	2023-04-07	001230	500.0
2022-12-30	2022-12-31	2023-04-03	023450	300.0
2022-12-30	2022-12-31	2023-04-10	222070	100.0
2022-12-30	2022-12-31	2023-03-30	007590	250.0
2022-12-30	2022-12-31	2023-03-30	007595	255.0
2022-12-30	2022-12-31	2023-03-30	007597	0.0
2022-12-30	2022-12-31	2023-04-20	005960	500.0
2022-12-30	2022-12-31	2023-04-20	005965	550.0
2022-12-30	2022-12-31	2023-03-07	026960	730.0
2022-12-30	2022-12-31	2023-04-25	102260	200.0
2022-12-30	2022-12-31	2023-04-18	033500	350.0
2022-12-30	2022-12-31	2023-04-25	025950	150.0
2022-12-30	2022-12-31	2023-04-14	060970	0.0
2022-12-30	2022-12-31	2023-04-18	000640	1000.0
2022-12-30	2022-12-31	2023-04-19	088130	200.0
2022-12-30	2022-12-31	2023-04-14	028100	500.0
2022-12-30	2022-12-31	2023-03-31	282690	1000.0
2022-12-30	2022-12-31	2023-04-11	041930	120.0
2022-12-30	2022-12-31	2023-04-20	001520	40.0
2022-12-30	2022-12-31	2023-04-20	001525	90.0
2022-12-30	2022-12-31	2023-04-20	001527	150.0
2022-12-30	2022-12-31	2023-04-20	001529	150.0
2022-12-30	2022-12-31	2023-04-20	00152A	150.0
2022-12-30	2022-12-31	2023-03-30	060380	50.0
2022-12-30	2022-12-31	2023-04-14	079960	300.0
2022-12-30	2022-12-31	2023-04-07	060830	0.0
2022-12-30	2022-12-31	2023-04-24	092780	60.0
2022-12-30	2022-12-31	2023-04-28	013120	160.0
2022-12-30	2022-12-31	2023-04-18	006040	1100.0
2022-12-30	2022-12-31	2023-04-20	030720	250.0
2022-12-30	2022-12-31	2023-04-21	014820	600.0
2022-12-30	2022-12-31	2023-04-21	014825	650.0
2022-12-30	2022-12-31	2023-04-21	049770	3500.0
2022-12-30	2022-12-31	2023-04-14	163560	120.0
2022-12-30	2022-12-31	2023-04-10	109860	400.0
2022-12-30	2022-12-31	2023-04-07	004890	3000.0
2022-12-30	2022-12-31	2023-04-28	002690	10.0
2022-12-30	2022-12-31	2023-04-21	005290	130.0
2022-12-30	2022-12-31	2023-04-20	000020	180.0
2022-12-30	2022-12-31	2023-04-26	389930	2033.0
2022-12-30	2022-12-31	2023-04-26	38993L	2033.0
2022-12-30	2022-12-31	2023-04-28	000150	2000.0
2022-12-30	2022-12-31	2023-04-28	000155	2050.0
2022-12-30	2022-12-31	2023-04-28	000157	2000.0
2022-12-30	2022-12-31	2023-04-26	241560	750.0
2022-12-30	2022-12-31	2023-04-28	131970	160.0
2022-12-30	2022-12-31	2023-04-28	13197K	160.0
2022-12-30	2022-12-31	2023-04-20	016740	80.0
2022-12-30	2022-12-31	2023-04-21	013900	600.0
2022-12-30	2022-12-31		035430	0.0
2022-12-30	2022-12-31	2023-04-27	03543L	0.0
2022-12-30	2022-12-31	2023-04-27	03543K	0.0
2022-12-30	2022-12-31	2023-04-19	192650	200.0
2022-12-30	2022-12-31	2023-04-19	187870	210.0
2022-12-30	2022-12-31	2023-04-14	016610	170.0
2022-12-30	2022-12-31	2023-04-07	005830	4600.0
2022-12-30	2022-12-31	2023-04-17	066670	50.0
2022-12-30	2022-12-31	2023-04-18	024090	900.0
2022-12-30	2022-12-31	2023-04-13	003160	100.0
2022-12-30	2022-12-31	2023-04-21	110990	300.0
2022-12-30	2022-12-31	2023-04-25	263690	317.0
2022-12-30	2022-12-31	2023-04-14	214680	0.0
2022-12-30	2022-12-31	2023-04-14	21468K	0.1
2022-12-30	2022-12-31	2023-04-21	155660	60.0
2022-12-30	2022-12-31	2023-04-21	069730	60.0
2022-12-30	2022-12-31	2023-04-12	092070	200.0
2022-12-30	2022-12-31	2023-03-31	007340	2000.0
2022-12-30	2022-12-31	2023-04-21	000210	1000.0
2022-12-30	2022-12-31	2023-04-21	000215	1050.0
2022-12-30	2022-12-31	2023-04-21	001880	250.0
2022-12-30	2022-12-31	2023-04-21	00188K	1196.0
2022-12-30	2022-12-31	2023-04-21	375500	1000.0
2022-12-30	2022-12-31	2023-04-21	37550K	1050.0
2022-12-30	2022-12-31	2023-04-21	37550L	1000.0
2022-12-30	2022-12-31	2023-04-21	068790	125.0
2022-12-30	2022-12-31	2023-04-12	013570	120.0
2022-12-30	2022-12-31	2023-04-12	210540	250.0
2022-12-30	2022-12-31	2023-04-24	104460	100.0
2022-12-30	2022-12-31	2023-04-21	197140	30.0
2022-12-30	2022-12-31	2023-04-06	068930	200.0
2022-12-30	2022-12-31	2023-04-17	033130	20.0
2022-12-30	2022-12-31	2023-04-21	105740	200.0
2022-12-30	2022-12-31	2023-04-12	263020	50.0
2022-12-30	2022-12-31	2023-04-07	131180	40.0
2022-12-30	2022-12-31	2023-04-21	232680	50.0
2022-12-30	2022-12-31	2023-04-26	300120	50.0
2022-12-30	2022-12-31	2023-04-10	171120	200.0
2022-12-30	2022-12-31	2023-04-06	115390	300.0
2022-12-30	2022-12-31	2023-04-25	217500	30.0
2022-12-30	2022-12-31	2023-04-04	038390	700.0
2022-12-30	2022-12-31	2023-04-12	228850	300.0
2022-12-30	2022-12-31	2023-04-05	128500	0.0
2022-12-30	2022-12-31	2023-04-11	067730	60.0
2022-12-30	2022-12-31	2023-04-04	071280	50.0
2022-12-30	2022-12-31	2023-04-21	089860	900.0
2022-12-30	2022-12-31	2023-04-28	023530	3300.0
2022-12-30	2022-12-31	2023-04-20	020150	300.0
2022-12-30	2022-12-31	2023-04-21	280360	2300.0
2022-12-30	2022-12-31	2023-03-22	330590	143.13495
2022-12-30	2022-12-31	2023-04-21	004000	3500.0
2022-12-30	2022-12-31	2023-04-14	286940	700.0
2022-12-30	2022-12-31	2023-04-28	004990	1500.0
2022-12-30	2022-12-31	2023-04-28	00499K	1550.0
2022-12-30	2022-12-31	2023-04-21	005300	3300.0
2022-12-30	2022-12-31	2023-04-21	005305	3305.0
2022-12-30	2022-12-31	2023-04-28	011170	3500.0
2022-12-30	2022-12-31	2023-04-26	071840	300.0
2022-12-30	2022-12-31	2023-04-21	085370	322.0
2022-12-30	2022-12-31		085375	0.0
2022-12-30	2022-12-31	2023-04-21	08537M	151.0
2022-12-30	2022-12-31	2023-04-27	058470	3000.0
2022-12-30	2022-12-31	2023-04-25	012700	500.0
2022-12-30	2022-12-31	2023-04-14	277070	28.0
2022-12-30	2022-12-31	2023-04-17	098120	80.0
2022-12-30	2022-12-31	2023-04-21	038290	300.0
2022-12-30	2022-12-31	2023-04-25	044320	250.0
2022-12-30	2022-12-31	2023-04-21	267980	1200.0
2022-12-30	2022-12-31	2023-04-17	005990	150.0
2022-12-30	2022-12-31	2023-04-10	093520	120.0
2022-12-30	2022-12-31	2023-02-28	088980	390.0
2022-12-30	2022-12-31	2023-04-14	067280	800.0
2022-12-30	2022-12-31	2023-04-14	072870	1050.0
2022-12-30	2022-12-31	2023-04-14	215200	2100.0
2022-12-30	2022-12-31	2023-04-17	041920	50.0
2022-12-30	2022-12-31		249680	0.0
2022-12-30	2022-12-31	2023-04-28	24968K	0.0
2022-12-30	2022-12-31	2023-04-28	24968L	0.0
2022-12-30	2022-12-31	2023-04-28	24968M	0.0
2022-12-30	2022-12-31	2023-03-31	138040	105.0
2022-12-30	2022-12-31	2023-03-29	008560	135.0
2022-12-30	2022-12-31	2023-03-29	00856P	0.0
2022-12-30	2022-12-31	2023-03-29	00856Q	0.0
2022-12-30	2022-12-31	2023-03-29	00856R	0.0
2022-12-30	2022-12-31	2023-03-29	00856S	0.0
2022-12-30	2022-12-31	2023-04-14	241770	455.0
2022-12-30	2022-12-31	2023-04-17	059210	20.0
2022-12-30	2022-12-31	2023-04-21	321080	0.0
2022-12-30	2022-12-31	2023-04-21	058110	30.0
2022-12-30	2022-12-31	2023-04-11	012690	50.0
2022-12-30	2022-12-31	2023-04-21	005360	70.0
2022-12-30	2022-12-31	2023-04-19	417970	300.0
2022-12-30	2022-12-31	2023-03-31	204210	1572.0
2022-12-30	2022-12-31	2023-04-11	101330	70.0
2022-12-30	2022-12-31	2023-04-28	012860	10.0
2022-12-30	2022-12-31	2023-04-28	333050	14.0
2022-12-30	2022-12-31	2023-04-06	009680	400.0
2022-12-30	2022-12-31	2023-04-20	118990	246.0
2022-12-30	2022-12-31	2023-03-31	320340	0.0
2022-12-30	2022-12-31	2023-03-31	32034L	0.0
2022-12-30	2022-12-31	2023-03-31	32034M	0.0
2022-12-30	2022-12-31	2023-03-31	32034N	0.0
2022-12-30	2022-12-31	2023-04-07	001810	15.0
2022-12-30	2022-12-31	2023-04-07	009200	50.0
2022-12-30	2022-12-31	2023-04-07	009580	150.0
2022-12-30	2022-12-31	2023-04-26	033920	230.0
2022-12-30	2022-12-31	2023-04-05	008420	50.0
2022-12-30	2022-12-31	2023-04-05	095500	60.0
2022-12-30	2022-12-31	2023-02-28	094800	250.0
2022-12-30	2022-12-31	2023-04-11	006800	200.0
2022-12-30	2022-12-31	2023-04-11	006805	220.0
2022-12-30	2022-12-31	2023-04-11	00680K	200.0
2022-12-30	2022-12-31	2023-06-27	170840	0.0
2022-12-30	2022-12-31	2023-04-14	207760	10.0
2022-12-30	2022-12-31	2023-04-10	002840	500.0
2022-12-30	2022-12-31	2023-04-06	268280	1400.0
2022-12-30	2022-12-31	2023-04-17	107590	700.0
2022-12-30	2022-12-31	2023-03-31	134380	1500.0
2022-12-30	2022-12-31	2023-04-21	003650	2500.0
2022-12-30	2022-12-31	2023-04-26	402350	0.0
2022-12-30	2022-12-31	2023-04-12	206640	150.0
2022-12-30	2022-12-31	2023-04-11	191390	0.0
2022-12-30	2022-12-31	2023-04-17	377740	490.0
2022-12-30	2022-12-31	2023-04-10	099430	70.0
2022-12-30	2022-12-31	2023-04-10	09943N	70.0
2022-12-30	2022-12-31	2023-04-13	043150	100.0
2022-12-30	2022-12-31	2023-04-18	001340	60.0
2022-12-30	2022-12-31	2023-04-10	035150	150.0
2022-12-30	2022-12-31	2023-04-14	019010	30.0
2022-12-30	2022-12-31	2023-04-14	443630	1050.0
2022-12-30	2022-12-31	2023-04-14	44363K	1050.0
2022-12-30	2022-12-31	2023-04-21	007210	25.0
2022-12-30	2022-12-31	2023-04-26	225530	150.0
2022-12-30	2022-12-31	2023-04-24	250000	300.0
2022-12-30	2022-12-31	2023-04-21	002760	7.0
2022-12-30	2022-12-31	2023-04-11	003850	100.0
2022-12-30	2022-12-31	2023-04-06	001270	1500.0
2022-12-30	2022-12-31	2023-04-06	001275	1550.0
2022-12-30	2022-12-31	2023-04-18	026940	75.0
2022-12-30	2022-12-31	2023-04-21	011390	250.0
2022-12-30	2022-12-31	2023-04-03	008470	50.0
2022-12-30	2022-12-31	2023-04-10	228350	0.0
2022-12-30	2022-12-31	2023-04-12	100120	700.0
2022-12-30	2022-12-31	2023-04-17	337930	40.0
2022-12-30	2022-12-31	2023-04-14	099390	60.0
2022-12-30	2022-12-31	2023-04-14	064480	150.0
2022-12-30	2022-12-31	2023-04-18	251630	100.0
2022-12-30	2022-12-31	2023-04-25	346150	878.0
2022-12-30	2022-12-31	2023-04-26	318410	200.0
2022-12-30	2022-12-31	2023-04-14	100220	100.0
2022-12-30	2022-12-31	2023-04-27	200780	100.0
2022-12-30	2022-12-31	2023-04-28	031320	3700.0
2022-12-30	2022-12-31	2023-04-18	141000	150.0
2022-12-30	2022-12-31	2023-04-17	090460	250.0
2022-12-30	2022-12-31	2023-04-07	086670	200.0
2022-12-30	2022-12-31	2023-04-21	335890	10.0
2022-12-30	2022-12-31	2023-04-14	027410	110.0
2022-12-30	2022-12-31	2023-04-14	282330	4100.0
2022-12-30	2022-12-31	2023-04-25	126600	100.0
2022-12-30	2022-12-31	2023-04-11	082920	200.0
2022-12-30	2022-12-31	2023-04-11	042370	50.0
2022-12-30	2022-12-31	2023-04-17	032850	61.0
2022-12-30	2022-12-31	2023-04-07	093190	400.0
2022-12-30	2022-12-31	2023-04-06	005180	1500.0
2022-12-30	2022-12-31	2023-04-12	143240	700.0
2022-12-30	2022-12-31	2023-04-19	003960	350.0
2022-12-30	2022-12-31	2023-04-19	003965	400.0
2022-12-30	2022-12-31	2023-04-20	007160	350.0
2022-12-30	2022-12-31	2023-04-20	014710	40.0
2022-12-30	2022-12-31	2023-04-21	006090	120.0
2022-12-30	2022-12-31	2023-04-24	419120	180.0
2022-12-30	2022-12-31	2023-04-21	008270	0.0
2022-12-30	2022-12-31	2023-04-25	388740	0.0
2022-12-30	2022-12-31	2023-04-20	014970	75.0
2022-12-30	2022-12-31	2023-04-24	018310	100.0
2022-12-30	2022-12-31	2023-04-28	053700	50.0
2022-12-30	2022-12-31	2023-04-27	023600	175.0
2022-12-30	2022-12-31	2023-04-14	006400	1030.0
2022-12-30	2022-12-31	2023-04-14	006405	1080.0
2022-12-30	2022-12-31	2023-04-28	006660	80.0
2022-12-30	2022-12-31	2023-04-14	028260	2300.0
2022-12-30	2022-12-31	2023-04-14	02826K	2350.0
2022-12-30	2022-12-31	2023-04-14	032830	3000.0
2022-12-30	2022-12-31	2023-04-14	018260	3200.0
2022-12-30	2022-12-31	2023-04-14	009150	2100.0
2022-12-30	2022-12-31	2023-04-14	009155	2150.0
2022-12-30	2022-12-31	2023-04-14	005930	361.0
2022-12-30	2022-12-31	2023-04-14	005935	362.0
2022-12-30	2022-12-31	2023-04-13	016360	1700.0
2022-12-30	2022-12-31	2023-04-12	068290	200.0
2022-12-30	2022-12-31	2023-04-13	029780	2500.0
2022-12-30	2022-12-31	2023-04-14	000810	13800.0
2022-12-30	2022-12-31	2023-04-14	000815	13805.0
2022-12-30	2022-12-31	2023-04-14	006110	250.0
2022-12-30	2022-12-31	2023-04-05	374310	4000.0
2022-12-30	2022-12-31	2023-04-12	009300	400.0
2022-12-30	2022-12-31	2023-04-05	145990	1250.0
2022-12-30	2022-12-31	2023-04-05	145995	1300.0
2022-12-30	2022-12-31	2023-04-21	003230	600.0
2022-12-30	2022-12-31	2023-04-14	225190	400.0
2022-12-30	2022-12-31	2023-04-06	002170	1500.0
2022-12-30	2022-12-31	2023-04-03	272550	750.0
2022-12-30	2022-12-31	2023-04-07	000070	3500.0
2022-12-30	2022-12-31	2023-04-07	000075	3550.0
2022-12-30	2022-12-31	2023-04-13	002810	600.0
2022-12-30	2022-12-31	2023-04-07	054540	50.0
2022-12-30	2022-12-31	2023-04-21	005680	300.0
2022-12-30	2022-12-31	2023-04-21	023000	105.0
2022-12-30	2022-12-31	2023-04-14	072540	75.0
2022-12-30	2022-12-31	2023-04-20	004380	300.0
2022-12-30	2022-12-31	2023-04-20	002450	50.0
2022-12-30	2022-12-31	2023-04-28	002290	125.0
2022-12-30	2022-12-31	2023-04-18	009770	1000.0
2022-12-30	2022-12-31	2023-04-21	037460	450.0
2022-12-30	2022-12-31	2023-04-10	005500	800.0
2022-12-30	2022-12-31	2023-04-07	004690	3000.0
2022-12-30	2022-12-31	2023-04-26	038500	90.0
2022-12-30	2022-12-31	2023-03-28	017480	300.0
2022-12-30	2022-12-31	2023-04-11	010960	190.0
2022-12-30	2022-12-31	2023-04-14	004450	700.0
2022-12-30	2022-12-31	2023-04-21	009470	300.0
2022-12-30	2022-12-31	2023-04-21	001820	500.0
2022-12-30	2022-12-31	2023-04-18	000390	250.0
2022-12-30	2022-12-31	2023-04-21	041650	100.0
2022-12-30	2022-12-31	2023-04-28	091580	115.0
2022-12-30	2022-12-31	2023-04-14	089980	200.0
2022-12-30	2022-12-31	2023-04-07	075180	140.0
2022-12-30	2022-12-31	2023-04-14	107600	300.0
2022-12-30	2022-12-31	2023-04-07	007540	200.0
2022-12-30	2022-12-31	2023-04-07	248170	200.0
2022-12-30	2022-12-31	2023-04-21	100660	35.0
2022-12-30	2022-12-31	2023-04-20	007860	100.0
2022-12-30	2022-12-31	2023-04-18	200880	150.0
2022-12-30	2022-12-31	2023-04-17	019770	45.0
2022-12-30	2022-12-31	2023-04-28	279000	0.0
2022-12-30	2022-12-31	2023-04-05	017390	1750.0
2022-12-30	2022-12-31	2023-04-26	046890	220.0
2022-12-30	2022-12-31	2023-04-28	063170	100.0
2022-12-30	2022-12-31	2023-04-11	093920	400.0
2022-12-30	2022-12-31	2023-04-14	140070	50.0
2022-12-30	2022-12-31	2023-04-10	011370	50.0
2022-12-30	2022-12-31	2023-04-21	065710	1500.0
2022-12-30	2022-12-31	2023-04-07	008490	400.0
2022-12-30	2022-12-31	2023-04-14	035890	45.0
2022-12-30	2022-12-31	2023-04-21	003100	350.0
2022-12-30	2022-12-31	2023-04-11	067370	50.0
2022-12-30	2022-12-31	2023-04-20	136490	100.0
2022-12-30	2022-12-31	2023-04-24	086710	20.0
2022-12-30	2022-12-31	2023-04-21	014620	100.0
2022-12-30	2022-12-31	2023-04-14	037350	100.0
2022-12-30	2022-12-31	2023-04-11	014910	5.0
2022-12-30	2022-12-31	2023-04-11	014915	10.0
2022-12-30	2022-12-31	2023-04-19	003080	135.0
2022-12-30	2022-12-31	2023-04-19	004980	200.0
2022-12-30	2022-12-31	2023-04-19	004985	250.0
2022-12-30	2022-12-31	2023-04-26	081580	50.0
2022-12-30	2022-12-31	2023-04-14	015750	100.0
2022-12-30	2022-12-31	2023-04-18	080470	70.0
2022-12-30	2022-12-31	2023-04-25	045460	0.0
2022-12-30	2022-12-31	2023-04-21	042380	790.0
2022-12-30	2022-12-31	2023-04-05	017510	70.0
2022-12-30	2022-12-31	2023-05-26	292070	100.0
2022-12-30	2022-12-31	2023-05-26	29207L	100.0
2022-12-30	2022-12-31	2023-04-21	004360	300.0
2022-12-30	2022-12-31	2023-04-21	004365	305.0
2022-12-30	2022-12-31	2023-04-05	004490	600.0
2022-12-30	2022-12-31	2023-04-06	011560	500.0
2022-12-30	2022-12-31	2023-04-25	001430	1200.0
2022-12-30	2022-12-31	2023-04-21	306200	6000.0
2022-12-30	2022-12-31	2023-04-21	003030	2250.0
2022-12-30	2022-12-31	2023-04-21	019440	1000.0
2022-12-30	2022-12-31	2023-04-27	058650	4000.0
2022-12-30	2022-12-31	2023-04-12	336710	0.0
2022-12-30	2022-12-31	2023-04-17	100700	60.0
2022-12-30	2022-12-31	2023-04-27	024830	25.0
2022-12-30	2022-12-31	2023-04-21	067830	30.0
2022-12-30	2022-12-31	2023-03-31	107870	0.0
2022-12-30	2022-12-31	2023-04-11	033530	100.0
2022-12-30	2022-12-31	2023-04-27	075580	150.0
2022-12-30	2022-12-31	2023-04-13	252500	10.0
2022-12-30	2022-12-31	2023-04-28	290690	50.0
2022-12-30	2022-12-31	2023-04-28	336370	100.0
2022-12-30	2022-12-31	2023-04-28	33637K	101.0
2022-12-30	2022-12-31	2023-04-28	33637L	100.0
2022-12-30	2022-12-31	2023-04-21	357780	2000.0
2022-12-30	2022-12-31	2023-04-21	036830	170.0
2022-12-30	2022-12-31	2023-04-20	145730	0.0
2022-12-30	2022-12-31	2023-04-04	004430	500.0
2022-12-30	2022-12-31	2023-04-12	050960	125.0
2022-12-30	2022-12-31	2023-04-18	126720	600.0
2022-12-30	2022-12-31	2023-04-21	017550	10.0
2022-12-30	2022-12-31	2023-04-21	017555	15.0
2022-12-30	2022-12-31	2023-04-11	253840	150.0
2022-12-30	2022-12-31	2023-04-11	25384X	150.0
2022-12-30	2022-12-31	2023-04-18	192440	560.0
2022-12-30	2022-12-31	2023-04-28	057160	500.0
2022-12-30	2022-12-31	2023-04-19	330730	200.0
2022-12-30	2022-12-31	2023-04-12	026890	200.0
2022-12-30	2022-12-31	2023-04-12	245030	0.0
2022-12-30	2022-12-31	2023-04-12	049830	85.0
2022-12-30	2022-12-31	2023-04-10	020710	20.0
2022-12-30	2022-12-31	2023-04-10	134790	400.0
2022-12-30	2022-12-31	2023-04-06	000480	4500.0
2022-12-30	2022-12-31	2023-04-14	131090	25.0
2022-12-30	2022-12-31	2023-04-14	066290	150.0
2022-12-30	2022-12-31	2023-04-11	016590	1250.0
2022-12-30	2022-12-31	2023-04-18	029530	1500.0
2022-12-30	2022-12-31	2023-04-14	004970	500.0
2022-12-30	2022-12-31	2023-04-21	065350	120.0
2022-12-30	2022-12-31	2023-04-24	004170	3750.0
2022-12-30	2022-12-31	2023-04-20	034300	500.0
2022-12-30	2022-12-31	2023-04-21	037090	282.0
2022-12-30	2022-12-31	2023-04-14	035510	500.0
2022-12-30	2022-12-31	2023-04-21	031430	500.0
2022-12-30	2022-12-31	2023-04-21	012580	30.0
2022-12-30	2022-12-31	2023-04-25	031440	750.0
2022-12-30	2022-12-31	2023-04-28	006880	120.0
2022-12-30	2022-12-31	2023-04-21	002800	50.0
2022-12-30	2022-12-31	2023-04-20	005800	150.0
2022-12-30	2022-12-31	2023-04-18	009270	100.0
2022-12-30	2022-12-31	2023-04-18	009275	105.0
2022-12-30	2022-12-31	2023-04-17	002700	10.0
2022-12-30	2022-12-31	2023-04-07	138070	100.0
2022-12-30	2022-12-31	2023-04-28	142120	0.0
2022-12-30	2022-12-31	2023-04-10	002870	50.0
2022-12-30	2022-12-31	2023-04-07	055550	865.0
2022-12-30	2022-12-31	2023-03-31	404990	160.0
2022-12-30	2022-12-31	2023-04-24	001770	100.0
2022-12-30	2022-12-31	2023-04-17	004080	130.0
2022-12-30	2022-12-31	2023-04-21	243840	330.0
2022-12-30	2022-12-31	2023-04-21	24384K	330.0
2022-12-30	2022-12-31	2023-04-17	058210	0.0
2022-12-30	2022-12-31	2023-04-19	222800	500.0
2022-12-30	2022-12-31	2023-04-21	036710	50.0
2022-12-30	2022-12-31	2023-04-21	03671L	50.0
2022-12-30	2022-12-31	2023-04-27	009160	200.0
2022-12-30	2022-12-31	2023-04-14	160980	300.0
2022-12-30	2022-12-31	2023-04-18	052700	500.0
2022-12-30	2022-12-31	2023-04-28	356890	80.0
2022-12-30	2022-12-31	2023-04-28	003410	110.0
2022-12-30	2022-12-31	2023-04-27	037760	50.0
2022-12-30	2022-12-31	2023-04-28	099320	80.0
2022-12-30	2022-12-31	2023-04-28	099325	0.0
2022-12-30	2022-12-31	2023-03-31	049960	450.0
2022-12-30	2022-12-31	2023-04-28	050890	50.0
2022-12-30	2022-12-31	2023-04-10	088850	0.0
2022-12-30	2022-12-31	2023-04-14	067670	400.0
2022-12-30	2022-12-31	2023-04-17	073960	0.0
2022-12-30	2022-12-31	2023-04-18	023460	20.0
2022-12-30	2022-12-31	2023-04-12	264660	450.0
2022-12-30	2022-12-31	2023-04-14	352700	140.0
2022-12-30	2022-12-31	2023-04-21	055070	200.0
2022-12-30	2022-12-31	2023-03-31	112610	500.0
2022-12-30	2022-12-31	2023-04-21	000590	500.0
2022-12-30	2022-12-31	2023-04-21	037340	0.0
2022-12-30	2022-12-31	2023-04-17	297440	0.0
2022-12-30	2022-12-31	2023-04-28	376290	64.0
2022-12-30	2022-12-31	2023-04-28	001040	2500.0
2022-12-30	2022-12-31	2023-04-28	001045	2550.0
2022-12-30	2022-12-31	2023-04-28	00104K	2500.0
2022-12-30	2022-12-31	2023-04-26	000120	500.0
2022-12-30	2022-12-31	2023-04-07	340460	4610.0
2022-12-30	2022-12-31	2023-04-27	097950	2500.0
2022-12-30	2022-12-31	2023-04-27	097955	2550.0
2022-12-30	2022-12-31	2023-04-26	051500	350.0
2022-12-30	2022-12-31	2023-04-21	096530	200.0
2022-12-30	2022-12-31	2023-04-20	101240	180.0
2022-12-30	2022-12-31	2023-04-14	260930	50.0
2022-12-30	2022-12-31	2023-04-14	090430	680.0
2022-12-30	2022-12-31	2023-04-14	090435	685.0
2022-12-30	2022-12-31	2023-04-14	002790	205.0
2022-12-30	2022-12-31	2023-04-14	00279K	667.0
2022-12-30	2022-12-31	2023-04-14	002795	210.0
2022-12-30	2022-12-31	2023-04-18	083930	300.0
2022-12-30	2022-12-31	2023-04-12	036010	70.0
2022-12-30	2022-12-31	2023-04-18	002030	3250.0
2022-12-30	2022-12-31	2023-04-18	183190	225.0
2022-12-30	2022-12-31	2023-04-13	002310	1000.0
2022-12-30	2022-12-31	2023-04-20	267850	500.0
2022-12-30	2022-12-31	2023-04-18	143160	350.0
2022-12-30	2022-12-31	2023-04-05	031690	0.0
2022-12-30	2022-12-31	2023-04-18	054800	250.0
2022-12-30	2022-12-31	2023-04-07	332370	150.0
2022-12-30	2022-12-31	2023-04-14	122900	150.0
2022-12-30	2022-12-31	2023-04-20	104770	75.0
2022-12-30	2022-12-31	2023-04-20	099190	350.0
2022-12-30	2022-12-31	2023-04-17	214430	200.0
2022-12-30	2022-12-31	2023-04-14	040910	100.0
2022-12-30	2022-12-31	2023-04-18	095340	600.0
2022-12-30	2022-12-31	2023-04-25	090150	35.0
2022-12-30	2022-12-31	2023-04-21	149010	150.0
2022-12-30	2022-12-31	2023-04-07	262840	100.0
2022-12-30	2022-12-31	2023-04-20	114840	63.0
2022-12-30	2022-12-31	2023-04-17	027360	20.0
2022-12-30	2022-12-31	2023-04-07	032080	20.0
2022-12-30	2022-12-31	2023-04-20	059120	75.0
2022-12-30	2022-12-31	2023-04-11	068410	50.0
2022-12-30	2022-12-31	2023-04-14	158430	100.0
2022-12-30	2022-12-31	2023-04-19	067160	730.0
2022-12-30	2022-12-31	2023-04-18	001540	220.0
2022-12-30	2022-12-31	2023-04-20	053800	1100.0
2022-12-30	2022-12-31	2023-04-12	260660	130.0
2022-12-30	2022-12-31	2023-04-07	131370	20.0
2022-12-30	2022-12-31	2023-04-14	327260	100.0
2022-12-30	2022-12-31	2023-04-14	218410	100.0
2022-12-30	2022-12-31	2023-04-17	148250	30.0
2022-12-30	2022-12-31	2023-04-20	018250	310.0
2022-12-30	2022-12-31	2023-04-18	161000	550.0
2022-12-30	2022-12-31	2023-04-11	290740	100.0
2022-12-30	2022-12-31	2023-04-21	129050	0.0
2022-12-30	2022-12-31	2023-04-27	102120	200.0
2022-12-30	2022-12-31	2023-04-06	019990	50.0
2022-12-30	2022-12-31	2023-04-14	137310	290.0
2022-12-30	2022-12-31	2023-04-12	034120	1000.0
2022-12-30	2022-12-31	2023-04-13	042110	35.0
2022-12-30	2022-12-31	2023-04-17	036120	50.0
2022-12-30	2022-12-31	2023-04-21	260970	300.0
2022-12-30	2022-12-31	2023-03-31	250020	0.0
2022-12-30	2022-12-31	2023-03-31	101490	150.0
2022-12-30	2022-12-31	2023-03-09	003570	350.0
2022-12-30	2022-12-31	2023-03-09	064960	1000.0
2022-12-30	2022-12-31	2023-03-09	100840	400.0
2022-12-30	2022-12-31	2023-03-10	036530	400.0
2022-12-30	2022-12-31	2023-04-14	031330	230.0
2022-12-30	2022-12-31	2023-04-11	060540	50.0
2022-12-30	2022-12-31	2023-04-24	351320	16.0
2022-12-30	2022-12-31	2023-04-07	056190	520.0
2022-12-30	2022-12-31	2023-04-28	333280	1125.0
2022-12-30	2022-12-31	2023-04-28	33328L	1125.0
2022-12-30	2022-12-31	2023-04-28	33328M	1125.0
2022-12-30	2022-12-31	2023-04-28	33328N	1125.0
2022-12-30	2022-12-31	2023-04-14	005850	600.0
2022-12-30	2022-12-31	2023-04-19	041510	1200.0
2022-12-30	2022-12-31	2023-04-21	007820	70.0
2022-12-30	2022-12-31	2023-04-14	012750	2500.0
2022-12-30	2022-12-31	2023-04-12	306040	500.0
2022-12-30	2022-12-31	2023-04-27	123700	100.0
2022-12-30	2022-12-31	2023-04-28	025530	150.0
2022-12-30	2022-12-31	2023-04-07	005090	1700.0
2022-12-30	2022-12-31	2023-04-27	006120	1200.0
2022-12-30	2022-12-31	2023-04-27	006125	1200.0
2022-12-30	2022-12-31	2023-04-26	210980	400.0
2022-12-30	2022-12-31	2023-04-26	21098L	622.0
2022-12-30	2022-12-31	2023-04-27	068400	150.0
2022-12-30	2022-12-31	2023-04-27	033630	500.0
2022-12-30	2022-12-31	2023-03-30	395400	66.0
2022-12-30	2022-12-31		056550	0.0
2022-12-30	2022-12-31	2023-04-13	05655K	0.0
2022-12-30	2022-12-31	2023-04-27	000660	300.0
2022-12-30	2022-12-31	2023-04-13	069510	300.0
2022-12-30	2022-12-31	2023-04-11	041910	100.0
2022-12-30	2022-12-31	2023-04-10	039440	250.0
2022-12-30	2022-12-31	2023-04-17	098660	110.0
2022-12-30	2022-12-31	2023-04-27	237690	500.0
2022-12-30	2022-12-31	2023-04-20	288620	50.0
2022-12-30	2022-12-31	2023-04-06	005610	1700.0
2022-12-30	2022-12-31	2023-04-07	058610	200.0
2022-12-30	2022-12-31	2023-04-14	358720	0.0
2022-12-30	2022-12-31	2023-03-31	037890	1200.0
2022-12-30	2022-12-31	2023-04-21	418900	0.0
2022-12-30	2022-12-31	2023-04-07	003800	1330.0
2022-12-30	2022-12-31	2023-04-07	089660	250.0
2022-12-30	2022-12-31	2023-04-13	300900	0.0
2022-12-30	2022-12-31	2023-04-20	172670	0.0
2022-12-30	2022-12-31	2023-04-20	087400	0.0
2022-12-30	2022-12-31	2023-04-11	396450	0.0
2022-12-30	2022-12-31	2023-04-07	140910	200.0
2022-12-30	2022-12-31	2023-04-21	095570	270.0
2022-12-30	2022-12-31	2023-04-24	012630	250.0
2022-12-30	2022-12-31	2023-04-21	039570	450.0
2022-12-30	2022-12-31	2023-04-24	294870	600.0
2022-12-30	2022-12-31	2023-04-10	267250	3700.0
2022-12-30	2022-12-31	2023-04-21	267270	1750.0
2022-12-30	2022-12-31	2023-04-25	322000	600.0
2022-12-30	2022-12-31	2023-04-07	004050	1959.0
2022-12-30	2022-12-31	2023-04-26	042670	240.0
2022-12-30	2022-12-31	2023-04-20	267260	500.0
2022-12-30	2022-12-31	2023-04-26	297890	150.0
2022-12-30	2022-12-31	2023-04-25	078150	20.0
2022-12-30	2022-12-31	2023-04-07	036640	200.0
2022-12-30	2022-12-31	2023-04-21	035000	400.0
2022-12-30	2022-12-31	2023-04-13	044990	200.0
2022-12-30	2022-12-31	2023-04-21	204320	500.0
2022-12-30	2022-12-31	2023-04-07	386150	0.0
2022-12-30	2022-12-31	2023-04-07	38615K	0.0
2022-12-30	2022-12-31	2023-04-07	38615L	0.0
2022-12-30	2022-12-31	2023-04-10	060980	2000.0
2022-12-30	2022-12-31	2023-04-28	011200	1200.0
2022-12-30	2022-12-31	2023-04-11	044780	30.0
2022-12-30	2022-12-31	2023-04-28	195940	320.0
2022-12-30	2022-12-31	2023-04-27	403870	150.0
2022-12-30	2022-12-31	2023-04-21	006840	200.0
2022-12-30	2022-12-31	2023-04-03	045660	200.0
2022-12-30	2022-12-31	2023-04-03	224110	100.0
2022-12-30	2022-12-31	2023-04-10	021080	150.0
2022-12-30	2022-12-31	2023-04-18	207490	30.0
2022-12-30	2022-12-31	2023-04-24	141110	0.0
2022-12-30	2022-12-31	2023-04-07	244920	200.0
2022-12-30	2022-12-31	2023-04-21	265520	270.0
2022-12-30	2022-12-31	2023-04-18	211270	70.0
2022-12-30	2022-12-31	2023-04-14	230360	90.0
2022-12-30	2022-12-31	2023-04-21	102420	25.0
2022-12-30	2022-12-31	2023-04-21	247540	450.0
2022-12-30	2022-12-31	2023-04-21	383310	600.0
2022-12-30	2022-12-31	2023-04-27	038110	50.0
2022-12-30	2022-12-31	2023-04-10	064850	180.0
2022-12-30	2022-12-31	2023-04-24	383220	1600.0
2022-12-30	2022-12-31	2023-04-25	007700	350.0
2022-12-30	2022-12-31	2023-04-27	036810	100.0
2022-12-30	2022-12-31	2023-04-14	083500	100.0
2022-12-30	2022-12-31	2023-04-27	950130	894.45
2022-12-30	2022-12-31	2023-05-04	265770	50.0
2022-12-30	2022-12-31	2023-04-17	092870	100.0
2022-12-30	2022-12-31	2023-04-17	09287K	0.0
2022-12-30	2022-12-31	2023-04-25	067570	120.0
2022-12-30	2022-12-31	2023-04-10	333620	60.0
2022-12-30	2022-12-31	2023-04-28	036570	6680.0
2022-12-30	2022-12-31	2023-04-05	008260	100.0
2022-12-30	2022-12-31	2023-04-07	138250	0.0
2022-12-30	2022-12-31	2023-04-20	224760	50.0
2022-12-30	2022-12-31	2023-04-14	060250	200.0
2022-12-30	2022-12-31	2023-03-30	400760	162.0
2022-12-30	2022-12-31	2023-04-20	265740	20.0
2022-12-30	2022-12-31	2023-04-17	426280	0.0
2022-12-30	2022-12-31	2023-04-07	053290	60.0
2022-12-30	2022-12-31	2023-04-06	004250	100.0
2022-12-30	2022-12-31	2023-04-06	004255	105.0
2022-12-30	2022-12-31	2023-04-21	048830	30.0
2022-12-30	2022-12-31	2023-04-20	079550	1500.0
2022-12-30	2022-12-31	2023-04-13	290650	50.0
2022-12-30	2022-12-31	2023-04-21	066970	500.0
2022-12-30	2022-12-31	2023-04-28	060370	30.0
2022-12-30	2022-12-31	2023-04-06	010120	1100.0
2022-12-30	2022-12-31	2023-04-06	104230	1200.0
2022-12-30	2022-12-31	2023-04-05	229640	250.0
2022-12-30	2022-12-31	2023-04-18	011910	43200.0
2022-12-30	2022-12-31	2023-04-26	383800	310.0
2022-12-30	2022-12-31	2023-04-26	38380K	320.0
2022-12-30	2022-12-31	2023-04-28	073110	200.0
2022-12-30	2022-12-31	2023-04-19	083310	100.0
2022-12-30	2022-12-31	2023-04-27	064400	1190.0
2022-12-30	2022-12-31	2023-04-14	037560	120.0
2022-12-30	2022-12-31	2023-03-30	097520	500.0
2022-12-30	2022-12-31	2023-04-11	179290	120.0
2022-12-30	2022-12-31	2023-04-28	009780	60.0
2022-12-30	2022-12-31	2023-05-03	123040	50.0
2022-12-30	2022-12-31	2023-04-14	046290	0.0
2022-12-30	2022-12-31	2023-04-14	033160	100.0
2022-12-30	2022-12-31	2023-04-14	347890	250.0
2022-12-30	2022-12-31	2023-04-10	140720	100.0
2022-12-30	2022-12-31	2023-04-18	060850	140.0
2022-12-30	2022-12-31	2023-04-19	014440	50.0
2022-12-30	2022-12-31	2023-04-13	111770	1530.0
2022-12-30	2022-12-31	2023-04-12	009970	3050.0
2022-12-30	2022-12-31	2023-03-29	000670	10000.0
2022-12-30	2022-12-31	2023-03-31	036560	400.0
2022-12-30	2022-12-31	2023-03-28	006740	600.0
2022-12-30	2022-12-31	2023-04-21	265560	50.0
2022-12-30	2022-12-31	2023-04-11	053280	200.0
2022-12-30	2022-12-31	2023-04-07	015360	2500.0
2022-12-30	2022-12-31	2023-04-11	045060	50.0
2022-12-30	2022-12-31	2023-04-20	080520	100.0
2022-12-30	2022-12-31	2023-04-12	007310	9000.0
2022-12-30	2022-12-31	2023-04-26	039830	120.0
2022-12-30	2022-12-31	2023-04-18	014940	50.0
2022-12-30	2022-12-31	2023-04-18	271560	950.0
2022-12-30	2022-12-31	2023-04-20	001800	700.0
2022-12-30	2022-12-31	2023-04-28	010470	270.0
2022-12-30	2022-12-31	2023-04-13	036220	2000.0
2022-12-30	2022-12-31	2023-04-21	241790	420.0
2022-12-30	2022-12-31	2023-04-17	031510	20.0
2022-12-30	2022-12-31	2023-04-12	138080	200.0
2022-12-30	2022-12-31	2023-04-27	067170	130.0
2022-12-30	2022-12-31	2023-04-21	173130	50.0
2022-12-30	2022-12-31	2023-04-24	049480	15.0
2022-12-30	2022-12-31	2023-04-19	131030	100.0
2022-12-30	2022-12-31	2023-04-25	109080	200.0
2022-12-30	2022-12-31	2023-04-26	057030	150.0
2022-12-30	2022-12-31	2023-04-11	122990	250.0
2022-12-30	2022-12-31	2023-04-07	112290	100.0
2022-12-30	2022-12-31	2023-04-14	065530	50.0
2022-12-30	2022-12-31	2023-04-12	067900	50.0
2022-12-30	2022-12-31	2023-04-20	155650	250.0
2022-12-30	2022-12-31	2023-04-19	273640	380.0
2022-12-30	2022-12-31	2023-04-21	096250	0.0
2022-12-30	2022-12-31	2023-04-20	273060	20.0
2022-12-30	2022-12-31	2023-04-12	019210	300.0
2022-12-30	2022-12-31	2023-04-12	01921S	300.0
2022-12-30	2022-12-31	2023-04-12	01921T	300.0
2022-12-30	2022-12-31	2023-04-17	040300	60.0
2022-12-30	2022-12-31	2023-04-14	079000	200.0
2022-12-30	2022-12-31	2023-04-14	316140	980.0
2022-12-30	2022-12-31	2023-04-20	434780	0.0
2022-12-30	2022-12-31	2023-04-20	43478K	0.0
2022-12-30	2022-12-31	2023-03-31	298870	150.0
2022-12-30	2022-12-31	2023-04-21	215360	150.0
2022-12-30	2022-12-31	2023-04-28	072470	45.0
2022-12-30	2022-12-31	2023-04-21	073560	50.0
2022-12-30	2022-12-31	2023-04-13	010050	23.0
2022-12-30	2022-12-31	2023-04-14	083780	0.0
2022-12-30	2022-12-31	2023-04-14	101170	100.0
2022-12-30	2022-12-31	2023-04-06	068560	920.0
2022-12-30	2022-12-31	2023-04-28	017370	30.0
2022-12-30	2022-12-31	2023-04-21	065680	300.0
2022-12-30	2022-12-31	2023-04-11	105840	150.0
2022-12-30	2022-12-31	2023-04-25	049800	50.0
2022-12-30	2022-12-31	2023-04-14	095720	70.0
2022-12-30	2022-12-31	2023-04-26	005820	350.0
2022-12-30	2022-12-31	2023-04-13	307280	10.0
2022-12-30	2022-12-31	2023-04-21	104830	800.0
2022-12-30	2022-12-31	2023-04-19	240810	200.0
2022-12-30	2022-12-31	2023-04-27	074600	150.0
2022-12-30	2022-12-31	2023-04-10	012620	220.0
2022-12-30	2022-12-31	2023-04-28	382840	200.0
2022-12-30	2022-12-31	2023-04-14	008370	200.0
2022-12-30	2022-12-31	2023-04-27	101160	50.0
2022-12-30	2022-12-31	2023-04-18	069080	370.0
2022-12-30	2022-12-31	2023-04-14	044340	200.0
2022-12-30	2022-12-31	2023-04-10	364360	0.0
2022-12-30	2022-12-31	2023-04-10	36436K	0.0
2022-12-30	2022-12-31	2023-04-14	348350	100.0
2022-12-30	2022-12-31	2023-04-14	112040	750.0
2022-12-30	2022-12-31	2023-03-31	065370	150.0
2022-12-30	2022-12-31	2023-04-14	024070	50.0
2022-12-30	2022-12-31	2023-04-06	042910	4000.0
2022-12-30	2022-12-31	2023-04-03	136540	500.0
2022-12-30	2022-12-31	2023-04-07	014830	2000.0
2022-12-30	2022-12-31	2023-04-04	036200	100.0
2022-12-30	2022-12-31	2023-04-19	000910	125.0
2022-12-30	2022-12-31	2023-04-28	047400	35.0
2022-12-30	2022-12-31	2023-04-19	083910	0.0
2022-12-30	2022-12-31	2023-04-26	011330	20.0
2022-12-30	2022-12-31	2023-04-28	077500	200.0
2022-12-30	2022-12-31	2023-04-07	011320	15.0
2022-12-30	2022-12-31	2023-04-18	142210	100.0
2022-12-30	2022-12-31	2023-04-21	048430	100.0
2022-12-30	2022-12-31	2023-05-31	388690	243.0
2022-12-30	2022-12-31	2023-04-21	032620	60.0
2022-12-30	2022-12-31	2023-04-11	264450	420.0
2022-12-30	2022-12-31	2023-04-11	078070	250.0
2022-12-30	2022-12-31	2023-04-12	002920	120.0
2022-12-30	2022-12-31	2023-04-20	000700	400.0
2022-12-30	2022-12-31	2023-04-21	054930	750.0
2022-12-30	2022-12-31	2023-04-21	003470	110.0
2022-12-30	2022-12-31	2023-04-21	003475	160.0
2022-12-30	2022-12-31	2023-04-25	263770	100.0
2022-12-30	2022-12-31	2023-04-14	000220	105.0
2022-12-30	2022-12-31	2023-04-14	000225	110.0
2022-12-30	2022-12-31	2023-04-14	000227	110.0
2022-12-30	2022-12-31	2023-04-14	023410	170.0
2022-12-30	2022-12-31	2023-04-14	084370	270.0
2022-12-30	2022-12-31	2023-04-14	001200	60.0
2022-12-30	2022-12-31	2023-04-17	221800	500.0
2022-12-30	2022-12-31	2023-04-06	000100	400.0
2022-12-30	2022-12-31	2023-04-06	000105	410.0
2022-12-30	2022-12-31	2023-04-12	003460	110.0
2022-12-30	2022-12-31	2023-04-12	003465	120.0
2022-12-30	2022-12-31	2023-04-20	372170	150.0
2022-12-30	2022-12-31	2023-04-21	008730	250.0
2022-12-30	2022-12-31	2023-04-27	008250	100.0
2022-12-30	2022-12-31	2023-04-14	039020	50.0
2022-12-30	2022-12-31	2023-04-14	039025	0.0
2022-12-30	2022-12-31	2023-04-21	025820	50.0
2022-12-30	2022-12-31	2023-04-11	067920	180.0
2022-12-30	2022-12-31	2023-04-17	044960	40.0
2022-12-30	2022-12-31	2023-04-14	296640	110.0
2022-12-30	2022-12-31	2023-04-28	214320	1700.0
2022-12-30	2022-12-31	2023-04-20	073490	350.0
2022-12-30	2022-12-31	2023-04-25	272290	450.0
2022-12-30	2022-12-31	2023-04-12	208760	27600.0
2022-12-30	2022-12-31	2023-04-28	053350	20.0
2022-12-30	2022-12-31	2023-04-14	041520	300.0
2022-12-30	2022-12-31	2023-04-28	264850	50.0
2022-12-30	2022-12-31	2023-04-14	054210	150.0
2022-12-30	2022-12-31	2023-04-14	05421K	150.0
2022-12-30	2022-12-31	2023-03-31	088260	195.0
2022-12-30	2022-12-31	2023-04-21	139480	2000.0
2022-12-30	2022-12-31	2023-04-21	078020	100.0
2022-12-30	2022-12-31	2023-04-21	07802K	0.0
2022-12-30	2022-12-31	2023-04-21	07802L	0.0
2022-12-30	2022-12-31	2023-04-18	208850	50.0
2022-12-30	2022-12-31	2023-04-18	080010	100.0
2022-12-30	2022-12-31	2023-04-28	007660	100.0
2022-12-30	2022-12-31	2023-04-28	005950	500.0
2022-12-30	2022-12-31	2023-04-12	386810	1000.0
2022-12-30	2022-12-31	2023-04-24	102710	150.0
2022-12-30	2022-12-31	2023-04-25	063760	60.0
2022-12-30	2022-12-31	2023-04-20	123570	90.0
2022-12-30	2022-12-31	2023-04-17	091120	150.0
2022-12-30	2022-12-31	2023-04-21	102460	150.0
2022-12-30	2022-12-31	2023-04-21	10246L	150.0
2022-12-30	2022-12-31	2023-04-19	039030	1000.0
2022-12-30	2022-12-31	2023-04-17	232150	0.0
2022-12-30	2022-12-31	2023-04-17	353810	75.0
2022-12-30	2022-12-31	2023-04-03	350520	133.0
2022-12-30	2022-12-31	2023-04-14	139150	0.0
2022-12-30	2022-12-31	2023-04-12	377330	120.0
2022-12-30	2022-12-31	2023-04-17	035810	75.0
2022-12-30	2022-12-31	2023-04-19	092130	1040.0
2022-12-30	2022-12-31	2023-04-13	041830	300.0
2022-12-30	2022-12-31	2023-04-05	277410	40.0
2022-12-30	2022-12-31	2023-04-28	037330	50.0
2022-12-30	2022-12-31	2023-04-26	100030	360.0
2022-12-30	2022-12-31	2023-04-11	417460	285.0
2022-12-30	2022-12-31	2023-04-24	023800	200.0
2022-12-30	2022-12-31	2023-03-29	034590	1250.0
2022-12-30	2022-12-31	2023-04-14	211050	300.0
2022-12-30	2022-12-31	2023-04-21	216050	389.0
2022-12-30	2022-12-31	2023-04-28	049070	610.0
2022-12-30	2022-12-31	2023-04-20	119610	600.0
2022-12-30	2022-12-31	2023-04-10	129260	120.0
2022-12-30	2022-12-31	2023-04-18	064290	200.0
2022-12-30	2022-12-31	2023-04-13	189300	100.0
2022-12-30	2022-12-31	2023-04-28	023810	180.0
2022-12-30	2022-12-31	2023-03-31	115310	900.0
2022-12-30	2022-12-31	2023-04-17	039290	20.0
2022-12-30	2022-12-31	2023-04-10	272340	30.0
2022-12-30	2022-12-31	2023-04-10	27234K	30.0
2022-12-30	2022-12-31	2023-04-10	27234L	30.0
2022-12-30	2022-12-31	2023-04-14	000230	100.0
2022-12-30	2022-12-31	2023-04-26	013360	5.0
2022-12-30	2022-12-31		013365	0.0
2022-12-30	2022-12-31	2023-04-11	003120	20000.0
2022-12-30	2022-12-31	2023-04-13	068330	7.0
2022-12-30	2022-12-31	2023-03-31	003200	5000.0
2022-12-30	2022-12-31	2023-04-21	007570	150.0
2022-12-30	2022-12-31	2023-04-21	007575	175.0
2022-12-30	2022-12-31	2023-04-17	081000	300.0
2022-12-30	2022-12-31	2023-04-17	103590	130.0
2022-12-30	2022-12-31	2023-04-14	094820	330.0
2022-12-30	2022-12-31	2023-04-21	015860	150.0
2022-12-30	2022-12-31	2023-04-17	318600	0.0
2022-12-30	2022-12-31	2023-04-10	226320	150.0
2022-12-30	2022-12-31	2023-04-14	317400	300.0
2022-12-30	2022-12-31	2023-04-14	31740K	300.0
2022-12-30	2022-12-31	2023-04-12	000950	1000.0
2022-12-30	2022-12-31	2023-04-25	208140	100.0
2022-12-30	2022-12-31	2023-04-20	040420	530.0
2022-12-30	2022-12-31	2023-04-25	060080	0.0
2022-12-30	2022-12-31	2023-04-14	217190	75.0
2022-12-30	2022-12-31	2023-04-21	134450	600.0
2022-12-30	2022-12-31	2023-04-14	122310	160.0
2022-12-30	2022-12-31	2023-04-25	361390	50.0
2022-12-30	2022-12-31	2023-05-18	065930	0.0
2022-12-30	2022-12-31	2023-04-11	147830	150.0
2022-12-30	2022-12-31	2023-04-11	033100	150.0
2022-12-30	2022-12-31	2023-04-18	079370	350.0
2022-12-30	2022-12-31	2023-04-28	234080	500.0
2022-12-30	2022-12-31	2023-04-28	001060	375.0
2022-12-30	2022-12-31	2023-04-28	001065	400.0
2022-12-30	2022-12-31	2023-04-28	001067	375.0
2022-12-30	2022-12-31	2023-04-28	00106N	375.0
2022-12-30	2022-12-31	2023-04-28	096760	100.0
2022-12-30	2022-12-31	2023-04-19	054950	300.0
2022-12-30	2022-12-31	2023-04-17	090470	200.0
2022-12-30	2022-12-31	2023-04-14	137950	160.0
2022-12-30	2022-12-31	2023-04-26	094200	0.0
2022-12-30	2022-12-31	2023-04-14	348950	190.0
2022-12-30	2022-12-31	2023-04-06	194370	500.0
2022-12-30	2022-12-31	2023-04-21	026040	100.0
2022-12-30	2022-12-31	2023-04-17	126880	100.0
2022-12-30	2022-12-31	2023-04-19	094970	150.0
2022-12-30	2022-12-31	2023-04-21	078830	0.0
2022-12-30	2022-12-31	2023-04-25	035900	369.0
2022-12-30	2022-12-31	2023-03-28	084890	700.0
2022-12-30	2022-12-31	2023-04-14	030000	1150.0
2022-12-30	2022-12-31	2023-04-19	271980	50.0
2022-12-30	2022-12-31	2023-04-13	001560	270.0
2022-12-30	2022-12-31	2023-04-28	199820	200.0
2022-12-30	2022-12-31	2023-04-21	038010	120.0
2022-12-30	2022-12-31	2023-04-19	002620	50.0
2022-12-30	2022-12-31	2023-04-10	006220	100.0
2022-12-30	2022-12-31	2023-04-27	064800	10.0
2022-12-30	2022-12-31	2023-04-04	004910	100.0
2022-12-30	2022-12-31	2023-04-21	120030	1500.0
2022-12-30	2022-12-31	2023-04-07	002600	6500.0
2022-12-30	2022-12-31	2023-04-07	185750	1000.0
2022-12-30	2022-12-31	2023-04-07	001630	1400.0
2022-12-30	2022-12-31	2023-04-12	036930	193.0
2022-12-30	2022-12-31	2023-04-21	024110	960.0
2022-12-30	2022-12-31	2023-04-21	024115	0.0
2022-12-30	2022-12-31	2023-04-21	024119	0.0
2022-12-30	2022-12-31	2023-04-21	02411A	0.0
2022-12-30	2022-12-31	2023-04-21	072020	100.0
2022-12-30	2022-12-31	2023-04-19	000440	320.0
2022-12-30	2022-12-31	2023-04-21	013890	530.0
2022-12-30	2022-12-31	2023-04-11	263860	150.0
2022-12-30	2022-12-31	2023-04-25	138290	0.0
2022-12-30	2022-12-31	2023-04-14	144510	350.0
2022-12-30	2022-12-31	2023-03-24	382480	34.0
2022-12-30	2022-12-31	2023-04-06	078930	2500.0
2022-12-30	2022-12-31	2023-04-06	078935	2550.0
2022-12-30	2022-12-31	2023-04-06	006360	1300.0
2022-12-30	2022-12-31	2023-04-05	007070	430.0
2022-12-30	2022-12-31	2023-04-25	053050	20.0
2022-12-30	2022-12-31	2023-04-11	119850	50.0
2022-12-30	2022-12-31	2023-04-20	013870	80.0
2022-12-30	2022-12-31	2023-04-20	311320	100.0
2022-12-30	2022-12-31	2023-04-28	088790	70.0
2022-12-30	2022-12-31	2023-04-28	088795	80.0
2022-12-30	2022-12-31	2023-04-07	018120	450.0
2022-12-30	2022-12-31	2023-04-14	036890	300.0
2022-12-30	2022-12-31	2023-04-04	003780	150.0
2022-12-30	2022-12-31	2023-04-19	007370	150.0
2022-12-30	2022-12-31	2023-04-04	010640	150.0
2022-12-30	2022-12-31	2023-04-05	100250	150.0
2022-12-30	2022-12-31	2023-04-14	004650	500.0
2022-12-30	2022-12-31	2023-04-10	278280	500.0
2022-12-30	2022-12-31	2023-04-07	140290	20.0
2022-12-30	2022-12-31	2023-05-31	219000	0.0
2022-12-30	2022-12-31	2023-04-21	094360	196.0
2022-12-30	2022-12-31	2023-04-21	09436L	196.0
2022-12-30	2022-12-31	2023-04-21	016920	10.0
2022-12-30	2022-12-31	2023-04-25	035720	60.0
2022-12-30	2022-12-31	2023-04-26	323410	80.0
2022-12-30	2022-12-31	2023-04-25	296490	100.0
2022-12-30	2022-12-31	2023-04-13	078340	1300.0
2022-12-30	2022-12-31	2023-04-05	214370	1700.0
2022-12-30	2022-12-31	2023-04-14	221980	430.0
2022-12-30	2022-12-31	2023-04-21	100530	0.0
2022-12-30	2022-12-31	2023-06-30	343470	0.0
2022-12-30	2022-12-31	2023-03-31	192250	30.0
2022-12-30	2022-12-31	2023-04-12	029460	350.0
2022-12-30	2022-12-31	2023-04-28	009440	50.0
2022-12-30	2022-12-31	2023-03-31	007320	0.0
2022-12-30	2022-12-31	2023-04-14	002380	7000.0
2022-12-30	2022-12-31	2023-04-21	021320	150.0
2022-12-30	2022-12-31	2023-04-21	344820	1400.0
2022-12-30	2022-12-31	2023-04-10	307090	0.0
2022-12-30	2022-12-31	2023-04-10	30709K	0.0
2022-12-30	2022-12-31	2023-04-10	039880	0.0
2022-12-30	2022-12-31	2023-04-10	039885	0.0
2022-12-30	2022-12-31	2023-04-10	144920	0.0
2022-12-30	2022-12-31	2023-04-10	144925	0.0
2022-12-30	2022-12-31	2023-04-04	036670	250.0
2022-12-30	2022-12-31	2023-04-20	115500	140.0
2022-12-30	2022-12-31	2023-04-20	101430	70.0
2022-12-30	2022-12-31	2023-04-14	281820	250.0
2022-12-30	2022-12-31	2023-04-26	089150	60.0
2022-12-30	2022-12-31	2023-04-17	009070	60.0
2022-12-30	2022-12-31	2023-04-14	025880	50.0
2022-12-30	2022-12-31	2023-03-30	053900	250.0
2022-12-30	2022-12-31	2023-04-07	093320	600.0
2022-12-30	2022-12-31	2023-04-06	049500	0.0
2022-12-30	2022-12-31	2023-04-21	044450	350.0
2022-12-30	2022-12-31	2023-04-25	122450	167.0
2022-12-30	2022-12-31	2023-04-14	053080	300.0
2022-12-30	2022-12-31	2023-04-21	058400	20.0
2022-12-30	2022-12-31	2023-04-17	039420	80.0
2022-12-30	2022-12-31	2023-04-20	102370	35.0
2022-12-30	2022-12-31	2023-03-30	435230	0.0
2022-12-30	2022-12-31	2023-03-30	43523K	0.0
2022-12-30	2022-12-31	2023-03-30	43523L	0.0
2022-12-30	2022-12-31	2023-04-28	092220	60.0
2022-12-30	2022-12-31	2023-04-21	046440	220.0
2022-12-30	2022-12-31	2023-04-21	016380	150.0
2022-12-30	2022-12-31	2023-04-21	016385	200.0
2022-12-30	2022-12-31	2023-04-21	035600	400.0
2022-12-30	2022-12-31	2023-04-27	151860	150.0
2022-12-30	2022-12-31	2023-04-28	001390	500.0
2022-12-30	2022-12-31	2023-04-25	381970	190.0
2022-12-30	2022-12-31	2023-04-18	145270	108.0
2022-12-30	2022-12-31	2023-04-27	030200	1960.0
2022-12-30	2022-12-31	2023-04-28	105910	0.0
2022-12-30	2022-12-31	2023-04-28	105915	0.0
2022-12-30	2022-12-31	2023-04-28	053210	350.0
2022-12-30	2022-12-31	2023-04-21	058850	120.0
2022-12-30	2022-12-31	2023-04-28	058860	120.0
2022-12-30	2022-12-31	2023-04-28	033780	5000.0
2022-12-30	2022-12-31	2023-04-13	064820	100.0
2022-12-30	2022-12-31	2023-04-28	024880	140.0
2022-12-30	2022-12-31	2023-04-07	253950	0.0
2022-12-30	2022-12-31	2023-04-21	089010	200.0
2022-12-30	2022-12-31	2023-04-25	176590	35.0
2022-12-30	2022-12-31	2023-03-31	369550	0.0
2022-12-30	2022-12-31	2023-03-31	36955K	0.0
2022-12-30	2022-12-31	2023-03-31	36955L	0.0
2022-12-30	2022-12-31	2023-04-20	123410	80.0
2022-12-30	2022-12-31	2023-04-18	003690	430.0
2022-12-30	2022-12-31	2023-04-26	357140	0.0
2022-12-30	2022-12-31	2023-04-14	049430	250.0
2022-12-30	2022-12-31	2023-04-14	183300	1000.0
2022-12-30	2022-12-31	2023-04-24	094930	0.0
2022-12-30	2022-12-31	2023-04-25	099620	0.0
2022-12-30	2022-12-31	2023-04-07	029960	500.0
2022-12-30	2022-12-31	2023-04-06	002020	550.0
2022-12-30	2022-12-31	2023-04-06	002025	600.0
2022-12-30	2022-12-31	2023-04-14	003070	300.0
2022-12-30	2022-12-31	2023-04-14	003075	350.0
2022-12-30	2022-12-31	2023-04-26	120110	1300.0
2022-12-30	2022-12-31	2023-04-26	120115	1350.0
2022-12-30	2022-12-31	2023-04-27	138490	180.0
2022-12-30	2022-12-31	2023-04-27	021240	1300.0
2022-12-30	2022-12-31	2023-04-11	033290	100.0
2022-12-30	2022-12-31	2023-04-10	056360	50.0
2022-12-30	2022-12-31	2023-04-10	146930	350.0
2022-12-30	2022-12-31	2023-04-07	052330	250.0
2022-12-30	2022-12-31	2023-04-20	322780	10.0
2022-12-30	2022-12-31	2023-04-26	200130	308.0
2022-12-30	2022-12-31	2023-04-25	294570	100.0
2022-12-30	2022-12-31	2023-04-21	192400	800.0
2022-12-30	2022-12-31	2023-04-21	284740	700.0
2022-12-30	2022-12-31	2023-04-21	405100	480.0
2022-12-30	2022-12-31	2023-04-10	066310	100.0
2022-12-30	2022-12-31	2023-04-28	264900	250.0
2022-12-30	2022-12-31	2023-04-28	26490K	252.0
2022-12-30	2022-12-31	2023-04-28	005740	100.0
2022-12-30	2022-12-31	2023-04-28	005745	105.0
2022-12-30	2022-12-31	2023-04-12	096240	800.0
2022-12-30	2022-12-31	2023-04-14	110790	500.0
2022-12-30	2022-12-31	2023-04-17	214150	116.0
2022-12-30	2022-12-31	2023-04-10	237880	200.0
2022-12-30	2022-12-31	2023-04-21	020120	50.0
2022-12-30	2022-12-31	2023-04-07	039490	3000.0
2022-12-30	2022-12-31	2023-04-07	03949L	9386.013
2022-12-30	2022-12-31	2023-04-07	03949M	4963.761
2022-12-30	2022-12-31	2023-03-30	435770	0.0
2022-12-30	2022-12-31	2023-03-30	43577K	0.0
2022-12-30	2022-12-31	2023-03-30	43577L	0.0
2022-12-30	2022-12-31	2023-04-21	014580	130.0
2022-12-30	2022-12-31	2023-04-25	015890	300.0
2022-12-30	2022-12-31	2023-04-21	006890	200.0
2022-12-30	2022-12-31	2023-04-28	023160	170.0
2022-12-30	2022-12-31	2023-04-25	003240	1750.0
2022-12-30	2022-12-31	2023-03-31	011280	50.0
2022-12-30	2022-12-31	2023-04-12	053620	300.0
2022-12-30	2022-12-31	2023-04-25	052960	25.0
2022-12-30	2022-12-31		052965	0.0
2022-12-30	2022-12-31	2023-04-27	004100	5.0
2022-12-30	2022-12-31	2023-04-27	004105	10.0
2022-12-30	2022-12-31	2023-04-21	009410	225.0
2022-12-30	2022-12-31	2023-04-21	009415	230.0
2022-12-30	2022-12-31	2023-04-27	124560	150.0
2022-12-30	2022-12-31	2023-04-21	001420	50.0
2022-12-30	2022-12-31	2023-04-28	007980	30.0
2022-12-30	2022-12-31	2023-03-31	095610	500.0
2022-12-30	2022-12-31	2023-04-11	055490	900.0
2022-12-30	2022-12-31	2023-06-22	287620	1000.0
2022-12-30	2022-12-31	2023-04-10	089030	130.0
2022-12-30	2022-12-31	2023-04-12	054450	130.0
2022-12-30	2022-12-31	2023-04-07	078000	600.0
2022-12-30	2022-12-31	2023-04-11	051360	100.0
2022-12-30	2022-12-31	2023-04-27	108230	100.0
2022-12-30	2022-12-31		434800	0.0
2022-12-30	2022-12-31	2023-04-28	43480K	0.0
2022-12-30	2022-12-31	2023-04-21	033830	15.0
2022-12-30	2022-12-31	2023-04-21	204610	60.0
2022-12-30	2022-12-31	2023-04-18	002710	120.0
2022-12-30	2022-12-31	2023-04-19	064760	1700.0
2022-12-30	2022-12-31	2023-04-11	340570	450.0
2022-12-30	2022-12-31	2023-04-10	131290	500.0
2022-12-30	2022-12-31	2023-04-14	246690	10.0
2022-12-30	2022-12-31	2023-04-28	019180	50.0
2022-12-30	2022-12-31	2023-04-07	356860	300.0
2022-12-30	2022-12-31	2023-04-19	002900	40.0
2022-12-30	2022-12-31	2023-04-21	363280	150.0
2022-12-30	2022-12-31	2023-04-21	36328K	175.0
2022-12-30	2022-12-31	2023-04-07	032540	230.0
2022-12-30	2022-12-31	2023-04-21	069260	1000.0
2022-12-30	2022-12-31	2023-04-14	081150	30.0
2022-12-30	2022-12-31	2023-04-14	214450	660.0
2022-12-30	2022-12-31	2023-04-11	177830	100.0
2022-12-30	2022-12-31	2023-04-21	037070	200.0
2022-12-30	2022-12-31	2023-04-06	150900	100.0
2022-12-30	2022-12-31	2023-04-21	170790	300.0
2022-12-30	2022-12-31	2023-04-14	038950	50.0
2022-12-30	2022-12-31	2023-04-18	140860	400.0
2022-12-30	2022-12-31	2023-04-04	091700	300.0
2022-12-30	2022-12-31	2023-04-12	036580	50.0
2022-12-30	2022-12-31	2023-04-21	027710	25.0
2022-12-30	2022-12-31	2023-04-14	028670	150.0
2022-12-30	2022-12-31	2023-04-10	016800	1100.0
2022-12-30	2022-12-31	2023-04-11	251970	360.0
2022-12-30	2022-12-31	2023-04-07	010770	150.0
2022-12-30	2022-12-31	2023-04-28	119500	60.0
2022-12-30	2022-12-31	2023-04-17	022100	75.0
2022-12-30	2022-12-31	2023-04-20	058430	875.0
2022-12-30	2022-12-31	2023-04-20	009520	37.0
2022-12-30	2022-12-31	2023-04-19	025100	500.0
2022-12-30	2022-12-31	2023-04-19	047050	1000.0
2022-12-30	2022-12-31	2023-04-19	003670	300.0
2022-12-30	2022-12-31	2023-04-17	005490	2000.0
2022-12-30	2022-12-31	2023-04-07	256630	10.0
2022-12-30	2022-12-31	2023-04-12	331380	30.0
2022-12-30	2022-12-31	2023-04-07	290720	100.0
2022-12-30	2022-12-31	2023-04-11	005670	90.0
2022-12-30	2022-12-31	2023-04-24	094940	20.0
2022-12-30	2022-12-31	2023-03-30	007330	650.0
2022-12-30	2022-12-31	2023-04-14	017810	102.0
2022-12-30	2022-12-31	2023-04-14	01781K	0.0
2022-12-30	2022-12-31	2023-04-11	023900	60.0
2022-12-30	2022-12-31	2023-04-06	103140	1000.0
2022-12-30	2022-12-31	2023-04-07	005810	1300.0
2022-12-30	2022-12-31	2023-04-11	035200	50.0
2022-12-30	2022-12-31	2023-04-28	321260	20.0
2022-12-30	2022-12-31	2023-03-31	053610	500.0
2022-12-30	2022-12-31	2023-04-18	053160	50.0
2022-12-30	2022-12-31	2023-04-07	075130	100.0
2022-12-30	2022-12-31	2023-04-21	051380	300.0
2022-12-30	2022-12-31	2023-04-21	178920	779.0
2022-12-30	2022-12-31	2023-04-07	319660	400.0
2022-12-30	2022-12-31	2023-04-07	031980	500.0
2022-12-30	2022-12-31	2023-04-06	002230	200.0
2022-12-30	2022-12-31	2023-04-18	043370	200.0
2022-12-30	2022-12-31	2023-04-21	347740	35.0
2022-12-30	2022-12-31	2023-04-13	137400	100.0
2022-12-30	2022-12-31	2023-04-26	024940	25.0
2022-12-30	2022-12-31	2023-04-21	128660	135.0
2022-12-30	2022-12-31	2023-04-19	006140	100.0
2022-12-30	2022-12-31	2023-04-10	087600	50.0
2022-12-30	2022-12-31	2023-04-27	161580	35.0
2022-12-30	2022-12-31	2023-04-27	163730	100.0
2022-12-30	2022-12-31	2023-04-10	086790	2550.0
2022-12-30	2022-12-31	2023-03-31	396580	0.0
2022-12-30	2022-12-31	2023-03-31	39658K	0.0
2022-12-30	2022-12-31	2023-03-31	39658L	0.0
2022-12-30	2022-12-31	2023-04-28	067310	50.0
2022-12-30	2022-12-31	2023-04-20	166090	300.0
2022-12-30	2022-12-31	2023-04-14	293480	510.0
2022-12-30	2022-12-31	2023-03-29	360780	0.0
2022-12-30	2022-12-31	2023-03-29	36078K	0.0
2022-12-30	2022-12-31	2023-03-29	36078L	0.0
2022-12-30	2022-12-31	2023-03-22	359960	0.0
2022-12-30	2022-12-31	2023-03-22	35996K	0.0
2022-12-30	2022-12-31	2023-04-17	136480	20.0
2022-12-30	2022-12-31	2023-04-21	003380	120.0
2022-12-30	2022-12-31	2023-04-12	049130	0.0
2022-12-30	2022-12-31	2023-04-14	013030	600.0
2022-12-30	2022-12-31	2023-04-21	126700	120.0
2022-12-30	2022-12-31	2023-04-12	071090	20.0
2022-12-30	2022-12-31	2023-04-19	106190	70.0
2022-12-30	2022-12-31	2023-04-07	000080	950.0
2022-12-30	2022-12-31	2023-04-07	000085	1000.0
2022-12-30	2022-12-31	2023-04-07	000087	1000.0
2022-12-30	2022-12-31	2023-04-07	000140	500.0
2022-12-30	2022-12-31	2023-04-07	000145	550.0
2022-12-30	2022-12-31	2023-04-28	373200	50.0
2022-12-30	2022-12-31	2023-04-21	066130	70.0
2022-12-30	2022-12-31	2023-04-21	004590	140.0
2022-12-30	2022-12-31	2023-04-21	039340	160.0
2022-12-30	2022-12-31	2023-04-14	034950	5100.0
2022-12-30	2022-12-31	2023-04-12	010040	45.0
2022-12-30	2022-12-31	2023-04-07	025540	450.0
2022-12-30	2022-12-31	2023-04-13	021830	0.0
2022-12-30	2022-12-31	2023-04-10	180120	0.0
2022-12-30	2022-12-31	2023-04-17	010100	70.0
2022-12-30	2022-12-31	2023-04-07	004090	110.0
2022-12-30	2022-12-31	2023-04-05	025550	100.0
2022-12-30	2022-12-31	2023-04-21	002200	800.0
2022-12-30	2022-12-31	2023-04-20	002960	18000.0
2022-12-30	2022-12-31	2023-04-21	011060	150.0
2022-12-30	2022-12-31	2023-04-19	016830	0.0
2022-12-30	2022-12-31	2023-04-19	01683K	0.0
2022-12-30	2022-12-31	2023-04-24	017890	50.0
2022-12-30	2022-12-31	2023-04-28	000240	650.0
2022-12-30	2022-12-31	2023-04-11	033270	400.0
2022-12-30	2022-12-31	2023-04-12	123890	220.0
2022-12-30	2022-12-31	2023-04-28	052690	283.0
2022-12-30	2022-12-31	2023-04-18	063570	110.0
2022-12-30	2022-12-31	2023-04-11	041460	70.0
2022-12-30	2022-12-31	2023-04-28	006200	50.0
2022-12-30	2022-12-31	2023-04-21	053300	120.0
2022-12-30	2022-12-31	2023-04-21	023350	100.0
2022-12-30	2022-12-31	2023-04-07	000970	400.0
2022-12-30	2022-12-31	2023-04-14	028820	550.0
2022-12-30	2022-12-31	2023-04-14	104700	300.0
2022-12-30	2022-12-31	2023-04-26	017960	130.0
2022-12-30	2022-12-31	2023-04-27	023760	28.0
2022-12-30	2022-12-31	2023-04-11	054040	250.0
2022-12-30	2022-12-31	2023-04-27	009760	0.0
2022-12-30	2022-12-31	2023-04-07	161890	500.0
2022-12-30	2022-12-31	2023-04-06	024720	300.0
2022-12-30	2022-12-31		02472K	0.0
2022-12-30	2022-12-31	2023-04-10	021650	60.0
2022-12-30	2022-12-31	2023-04-14	199660	0.0
2022-12-30	2022-12-31	2023-04-14	19966K	0.0
2022-12-30	2022-12-31	2023-04-26	161390	800.0
2022-12-30	2022-12-31	2023-04-11	034830	90.0
2022-12-30	2022-12-31	2023-04-07	071050	2300.0
2022-12-30	2022-12-31	2023-04-07	071055	2361.5
2022-12-30	2022-12-31	2023-04-12	281570	1500.0
2022-12-30	2022-12-31	2023-04-28	032300	50.0
2022-12-30	2022-12-31	2023-04-14	037230	35.0
2022-12-30	2022-12-31	2023-04-07	159430	0.0
2022-12-30	2022-12-31	2023-04-28	047810	250.0
2022-12-30	2022-12-31	2023-04-17	003350	100.0
2022-12-30	2022-12-31	2023-04-25	052600	150.0
2022-12-30	2022-12-31	2023-04-07	011500	120.0
2022-12-30	2022-12-31	2023-04-21	002390	400.0
2022-12-30	2022-12-31	2023-03-31	256150	250.0
2022-12-30	2022-12-31	2023-04-10	254030	600.0
2022-12-30	2022-12-31	2023-04-13	092460	100.0
2022-12-30	2022-12-31	2023-04-06	179430	400.0
2022-12-30	2022-12-31	2023-04-04	053690	550.0
2022-12-30	2022-12-31	2023-03-31	042700	200.0
2022-12-30	2022-12-31	2023-04-05	008930	200.0
2022-12-30	2022-12-31	2023-04-05	128940	500.0
2022-12-30	2022-12-31	2023-04-21	020000	750.0
2022-12-30	2022-12-31	2023-04-10	105630	500.0
2022-12-30	2022-12-31	2023-04-12	016450	250.0
2022-12-30	2022-12-31	2023-04-14	010420	25.0
2022-12-30	2022-12-31	2023-04-10	009180	70.0
2022-12-30	2022-12-31	2023-04-17	410980	1000.0
2022-12-30	2022-12-31	2023-04-21	213500	500.0
2022-12-30	2022-12-31	2023-04-21	21350K	550.0
2022-12-30	2022-12-31	2023-04-07	014680	2100.0
2022-12-30	2022-12-31	2023-04-27	004710	100.0
2022-12-30	2022-12-31	2023-04-07	004150	120.0
2022-12-30	2022-12-31	2023-04-21	004960	300.0
2022-12-30	2022-12-31	2023-04-21	004965	350.0
2022-12-30	2022-12-31	2023-04-26	011700	10.0
2022-12-30	2022-12-31	2023-04-24	045100	600.0
2022-12-30	2022-12-31	2023-04-06	001750	800.0
2022-12-30	2022-12-31	2023-04-06	001755	850.0
2022-12-30	2022-12-31	2023-04-20	018880	90.0
2022-12-30	2022-12-31	2023-04-21	014130	130.0
2022-12-30	2022-12-31	2023-04-07	300720	580.0
2022-12-30	2022-12-31	2023-04-14	002220	30.0
2022-12-30	2022-12-31	2023-04-07	006390	600.0
2022-12-30	2022-12-31	2023-04-07	003300	580.0
2022-12-30	2022-12-31	2023-04-14	007770	100.0
2022-12-30	2022-12-31	2023-04-27	051600	1305.0
2022-12-30	2022-12-31	2023-04-13	130660	228.0
2022-12-30	2022-12-31	2023-04-21	002320	600.0
2022-12-30	2022-12-31	2023-04-20	003480	100.0
2022-12-30	2022-12-31	2023-04-21	180640	170.0
2022-12-30	2022-12-31	2023-04-21	18064K	195.0
2022-12-30	2022-12-31	2023-04-17	079170	200.0
2022-12-30	2022-12-31	2023-04-26	009460	20.0
2022-12-30	2022-12-31	2023-04-07	000880	750.0
2022-12-30	2022-12-31	2023-04-07	000885	800.0
2022-12-30	2022-12-31	2023-04-07	00088K	800.0
2022-12-30	2022-12-31	2023-04-07	272210	250.0
2022-12-30	2022-12-31	2023-04-07	012450	1000.0
2022-12-30	2022-12-31	2023-04-20	195870	900.0
2022-12-30	2022-12-31	2023-04-26	034810	225.0
2022-12-30	2022-12-31	2023-04-26	03481K	230.0
2022-12-30	2022-12-31	2023-04-20	101530	200.0
2022-12-30	2022-12-31	2023-04-19	143210	0.0
2022-12-30	2022-12-31	2023-04-19	14321K	163.0
2022-12-30	2022-12-31	2023-04-19	14321L	163.0
2022-12-30	2022-12-31	2023-04-12	214180	420.0
2022-12-30	2022-12-31	2023-04-11	234340	500.0
2022-12-30	2022-12-31	2023-04-21	000720	600.0
2022-12-30	2022-12-31	2023-04-21	000725	650.0
2022-12-30	2022-12-31	2023-04-17	170030	166.0
2022-12-30	2022-12-31	2023-04-28	086280	5700.0
2022-12-30	2022-12-31	2023-04-21	012330	3000.0
2022-12-30	2022-12-31	2023-04-21	012335	3050.0
2022-12-30	2022-12-31	2023-04-10	319400	30.0
2022-12-30	2022-12-31	2023-04-19	052260	70.0
2022-12-30	2022-12-31	2023-04-27	069960	1300.0
2022-12-30	2022-12-31	2023-04-14	004560	100.0
2022-12-30	2022-12-31	2023-04-14	004565	150.0
2022-12-30	2022-12-31	2023-04-27	041440	70.0
2022-12-30	2022-12-31	2023-04-04	039010	130.0
2022-12-30	2022-12-31	2023-04-14	064540	600.0
2022-12-30	2022-12-31	2023-04-07	017800	500.0
2022-12-30	2022-12-31	2023-04-26	307950	1140.0
2022-12-30	2022-12-31	2023-04-19	011210	700.0
2022-12-30	2022-12-31	2023-04-14	090850	80.0
2022-12-30	2022-12-31	2023-04-21	005380	6000.0
2022-12-30	2022-12-31	2023-04-21	005385	6050.0
2022-12-30	2022-12-31	2023-04-21	005387	6100.0
2022-12-30	2022-12-31	2023-04-21	005389	6050.0
2022-12-30	2022-12-31	2023-04-21	004020	1000.0
2022-12-30	2022-12-31	2023-04-28	005440	210.0
2022-12-30	2022-12-31	2023-04-21	001500	550.0
2022-12-30	2022-12-31	2023-04-21	00150K	418.0
2022-12-30	2022-12-31	2023-04-28	065900	0.0
2022-12-30	2022-12-31	2023-04-10	011760	600.0
2022-12-30	2022-12-31	2023-04-10	227840	500.0
2022-12-30	2022-12-31	2023-04-20	126560	90.0
2022-12-30	2022-12-31	2023-03-31	001450	1965.0
2022-12-30	2022-12-31	2023-04-24	057050	2600.0
2022-12-30	2022-12-31	2023-04-20	092300	100.0
2022-12-30	2022-12-31	2023-04-17	003010	60.0
2022-12-30	2022-12-31	2023-04-27	111110	300.0
2022-12-30	2022-12-31		11111M	0.0
2022-12-30	2022-12-31	2023-04-14	008770	200.0
2022-12-30	2022-12-31	2023-04-14	008775	250.0
2022-12-30	2022-12-31	2023-04-26	060560	10.0
2022-12-30	2022-12-31	2023-04-14	002460	500.0
2022-12-30	2022-12-31	2023-04-12	378850	50.0
2022-12-30	2022-12-31	2023-04-07	241590	45.0
2022-12-30	2022-12-31	2023-04-07	006060	188.0
2022-12-30	2022-12-31	2023-04-12	013520	50.0
2022-12-30	2022-12-31	2023-04-06	010690	100.0
2022-12-30	2022-12-31	2023-04-06	126640	40.0
2022-12-30	2022-12-31		127980	490.0
2022-12-30	2022-12-31	2023-04-21	450320	0.0
2022-12-30	2022-12-31	2023-04-20	010660	30.0
2022-12-30	2022-12-31	2023-04-21	000850	2500.0
2022-12-30	2022-12-31	2023-04-14	012670	0.0
2022-12-30	2022-12-31	2023-04-19	016580	300.0
2022-12-30	2022-12-31	2023-04-14	032560	200.0
2022-12-30	2022-12-31	2023-04-04	004800	4500.0
2022-12-30	2022-12-31	2023-04-05	094280	300.0
2022-12-30	2022-12-31	2023-04-05	094285	305.0
2022-12-30	2022-12-31	2023-04-04	298050	15000.0
2022-12-30	2022-12-31	2023-03-23	309860	537500.0
2022-12-30	2022-12-31	2023-04-04	298020	10000.0
2022-12-30	2022-12-31	2023-04-06	093370	20.0
2022-12-30	2022-12-31	2023-04-14	081660	750.0
2022-12-30	2022-12-31	2023-04-12	290270	40.0
2022-12-30	2022-12-31	2023-04-21	200670	500.0
2022-12-30	2022-12-31	2023-04-04	065510	200.0
2022-12-30	2022-12-31	2023-04-14	005010	350.0
2022-12-30	2022-12-31	2023-04-21	243070	600.0
2022-12-30	2022-12-31	2023-04-21	084110	500.0
2022-12-30	2022-12-31	2023-04-07	024060	150.0
2022-12-30	2022-12-31	2023-04-07	010240	220.0
2022-12-30	2022-12-31	2023-04-13	189980	40.0
2022-12-30	2022-12-31	2023-04-21	037440	150.0
2022-12-26	2022-12-27	2023-01-20	155900	0.0
2022-12-16	2022-12-19	2023-01-04	245030	0.0
2022-12-14	2022-12-15	2022-12-29	152550	1670.0
2022-12-02	2022-12-05		152550	0.0
2022-11-29	2022-11-30	2023-03-06	357250	135.0
2022-11-29	2022-11-30	2023-02-28	338100	115.0
2022-11-29	2022-11-30	2023-03-09	365550	136.0
2022-11-29	2022-11-30	2023-02-28	417310	85.0
2022-11-29	2022-11-30	2023-02-24	357120	175.0
2022-11-29	2022-11-30	2023-02-28	320950	0.0
2022-11-29	2022-11-30	2023-02-28	32095K	0.0
2022-11-29	2022-11-30	2023-02-28	32095L	0.0
2022-11-29	2022-11-30	2023-01-11	030010	35.0
2022-11-29	2022-11-30	2023-01-11	03001K	0.0
2022-11-29	2022-11-30	2023-03-22	004310	30.0
2022-11-25	2022-11-28	2022-12-21	155900	0.0
2022-10-28	2022-10-31	2022-11-15	002030	500.0
2022-10-28	2022-10-31	2023-04-21	284470	0.0
2022-10-28	2022-10-31	2023-01-31	414720	0.0
2022-10-28	2022-10-31	2023-01-31	41472K	0.0
2022-10-28	2022-10-31	2023-01-31	41472L	0.0
2022-10-28	2022-10-31		342040	0.0
2022-10-28	2022-10-31	2023-01-30	34204K	0.0
2022-10-28	2022-10-31	2023-01-30	34204L	0.0
