종목코드,종목명,시장구분,업종명,종가,대비,등락률,시가총액
95570,AJ네트웍스,KOSPI,서비스업,4460,85,1.94,201827305140
6840,AK홀딩스,KOSPI,기타금융,14120,100,0.71,187055561320
27410,BGF,KOSPI,기타금융,3510,15,0.43,335965936410
282330,BGF리테일,KOSPI,유통업,100300,400,0.4,1733575771800
138930,BNK금융지주,KOSPI,기타금융,8640,-160,-1.82,2782844104320
1460,BYC,KOSPI,섬유의복,34700,-150,-0.43,216741405000
1465,BYC우,KOSPI,섬유의복,15000,0,0,32307750000
1040,CJ,KOSPI,기타금융,114900,3200,2.86,3352437070200
79160,CJ CGV,KOSPI,서비스업,5590,90,1.64,925589131090
00104K,CJ4우(전환),KOSPI,기타금융,81700,1200,1.49,345306030400
120,CJ대한통운,KOSPI,운수창고업,92400,-1000,-1.07,2107860585600
11150,CJ씨푸드,KOSPI,음식료품,5180,705,15.75,186121404140
11155,CJ씨푸드1우,KOSPI,음식료품,22200,650,3.02,4440000000
1045,CJ우,KOSPI,기타금융,59000,700,1.2,133353157000
97950,CJ제일제당,KOSPI,음식료품,371500,7500,2.06,5592630099000
97955,CJ제일제당 우,KOSPI,음식료품,147600,700,0.48,195929110800
480,CR홀딩스,KOSPI,비금속광물,6120,-100,-1.61,286969798800
590,CS홀딩스,KOSPI,기타금융,69900,200,0.29,80698291800
12030,DB,KOSPI,서비스업,1313,-10,-0.76,264141374029
16610,DB금융투자,KOSPI,증권,4450,-40,-0.89,188886431050
5830,DB손해보험,KOSPI,보험,111100,-4400,-3.81,7865880000000
990,DB하이텍,KOSPI,전기전자,50900,0,0,2259888129200
139130,DGB금융지주,KOSPI,기타금융,8030,-90,-1.11,1358241038990
1530,DI동일,KOSPI,유통업,27150,350,1.31,684605494800
210,DL,KOSPI,화학,55900,-500,-0.89,1171433915600
215,DL우,KOSPI,화학,26800,0,0,45187882000
375500,DL이앤씨,KOSPI,건설업,31600,50,0.16,1222718486800
37550L,DL이앤씨2우(전환),KOSPI,건설업,22200,100,0.45,46885312200
37550K,DL이앤씨우,KOSPI,건설업,17300,100,0.58,36570210500
7340,DN오토모티브,KOSPI,전기전자,79400,500,0.63,793523997000
4840,DRB동일,KOSPI,화학,5250,50,0.96,104632500000
155660,DSR,KOSPI,철강금속,4275,-20,-0.47,68400000000
69730,DSR제강,KOSPI,철강금속,4295,15,0.35,61848000000
17860,DS단석,KOSPI,화학,114500,-1300,-1.12,671130758000
17940,E1,KOSPI,유통업,73900,400,0.54,506954000000
365550,ESR켄달스퀘어리츠,KOSPI,서비스업,4605,-70,-1.5,981274845000
383220,F&F,KOSPI,섬유의복,59800,-200,-0.33,2290763085000
7700,F&F홀딩스,KOSPI,기타금융,15170,-10,-0.07,593364947390
114090,GKL,KOSPI,서비스업,12220,180,1.5,755876287400
78930,GS,KOSPI,기타금융,47400,-900,-1.86,4404188917200
6360,GS건설,KOSPI,건설업,15230,180,1.2,1303406092700
1250,GS글로벌,KOSPI,유통업,3460,-5,-0.14,285566823440
7070,GS리테일,KOSPI,유통업,20200,0,0,2115302024400
78935,GS우,KOSPI,기타금융,39550,-800,-1.98,70589868300
12630,HDC,KOSPI,기타금융,8130,-30,-0.37,485700191730
39570,HDC랩스,KOSPI,건설업,8380,-70,-0.83,217524696380
89470,HDC현대EP,KOSPI,화학,4165,15,0.36,132863500000
294870,HDC현대산업개발,KOSPI,건설업,17470,-210,-1.19,1151401055100
9540,HD한국조선해양,KOSPI,기타금융,159900,4200,2.7,11316621248400
267250,HD현대,KOSPI,기타금융,72900,400,0.55,5758595896500
267270,HD현대건설기계,KOSPI,기계,53100,-1000,-1.85,1000780797600
443060,HD현대마린솔루션,KOSPI,서비스업,120900,3000,2.54,5374005000000
10620,HD현대미포,KOSPI,운수장비,96300,3100,3.33,3846428948700
322000,HD현대에너지솔루션,KOSPI,전기전자,25850,150,0.58,289520000000
42670,HD현대인프라코어,KOSPI,기계,7680,-70,-0.9,1532954519040
267260,HD현대일렉트릭,KOSPI,전기전자,323000,11000,3.53,11643224605000
329180,HD현대중공업,KOSPI,운수장비,151900,3100,2.08,13484636320400
97230,HJ중공업,KOSPI,건설업,3465,155,4.68,288545383665
14790,HL D&I,KOSPI,건설업,2235,15,0.68,84613973235
3580,HLB글로벌,KOSPI,유통업,6010,-240,-3.84,284939460920
204320,HL만도,KOSPI,운수장비,42100,-400,-0.94,1976894752000
60980,HL홀딩스,KOSPI,기타금융,33900,-50,-0.15,344742999000
11200,HMM,KOSPI,운수창고업,18390,-980,-5.06,13039236331440
35000,HS애드,KOSPI,서비스업,6330,-10,-0.16,104871698970
3560,IHQ,KOSPI,서비스업,10760,0,0,59719334240
175330,JB금융지주,KOSPI,기타금융,15330,-530,-3.34,2990625425340
234080,JW생명과학,KOSPI,의약품,11800,-10,-0.08,186847737200
1060,JW중외제약,KOSPI,의약품,32700,50,0.15,761449911000
1067,JW중외제약2우B,KOSPI,의약품,55900,0,0,11737490700
1065,JW중외제약우,KOSPI,의약품,30250,-550,-1.79,10344017750
96760,JW홀딩스,KOSPI,기타금융,3210,75,2.39,237299063820
105560,KB금융,KOSPI,기타금융,87200,-1000,-1.13,35186165478400
432320,KB스타리츠,KOSPI,서비스업,4410,-15,-0.34,447236996850
2380,KCC,KOSPI,화학,319500,4500,1.43,2839227484500
344820,KCC글라스,KOSPI,비금속광물,39950,50,0.13,638021954400
9070,KCTC,KOSPI,운수창고업,4300,-10,-0.23,129000000000
9440,KC그린홀딩스,KOSPI,기타금융,1772,22,1.26,39754784560
119650,KC코트렐,KOSPI,기계,1089,12,1.11,69335853543
92220,KEC,KOSPI,전기전자,1318,-2,-0.15,264605819838
3620,KG모빌리티,KOSPI,운수장비,5400,100,1.89,1054366443000
16380,KG스틸,KOSPI,철강금속,6550,20,0.31,655058275350
1390,KG케미칼,KOSPI,화학,4985,60,1.22,341318164400
33180,KH 필룩스,KOSPI,전기전자,6630,0,0,125330728770
15590,KIB플러그에너지,KOSPI,기계,657,57,9.5,155696874408
1940,KISCO홀딩스,KOSPI,철강금속,19280,-190,-0.98,311880606400
25000,KPX케미칼,KOSPI,화학,48450,-450,-0.92,234498000000
92230,KPX홀딩스,KOSPI,화학,57500,100,0.17,242917145000
40,KR모터스,KOSPI,운수장비,668,8,1.21,40168755824
44450,KSS해운,KOSPI,운수창고업,8190,-50,-0.61,189073357200
30200,KT,KOSPI,통신업,36050,-300,-0.83,9085381744250
33780,KT&G,KOSPI,기타제조업,86300,-1700,-1.93,11246831491100
58850,KTcs,KOSPI,서비스업,3215,15,0.47,137232275000
58860,KTis,KOSPI,서비스업,2705,-5,-0.18,94139410000
93050,LF,KOSPI,섬유의복,13830,90,0.66,404389200000
3550,LG,KOSPI,기타금융,81500,-1600,-1.93,12820030929500
34220,LG디스플레이,KOSPI,전기전자,12480,-120,-0.95,6240000000000
51900,LG생활건강,KOSPI,화학,355000,6500,1.87,5544459935000
51905,LG생활건강우,KOSPI,화학,152400,1200,0.79,319993822800
373220,LG에너지솔루션,KOSPI,전기전자,360500,3000,0.84,84357000000000
3555,LG우,KOSPI,기타금융,60800,0,0,183714496000
32640,LG유플러스,KOSPI,통신업,9820,10,0.1,4287523565020
11070,LG이노텍,KOSPI,전기전자,273000,4500,1.68,6461120211000
66570,LG전자,KOSPI,전기전자,108400,-2400,-2.17,17739423037600
66575,LG전자우,KOSPI,전기전자,49200,-350,-0.71,845550806400
37560,LG헬로비전,KOSPI,서비스업,2920,5,0.17,226144845800
51910,LG화학,KOSPI,화학,362000,1000,0.28,25554428166000
51915,LG화학우,KOSPI,화학,250000,0,0,1922200000000
79550,LIG넥스원,KOSPI,기계,203500,6600,3.35,4477000000000
6260,LS,KOSPI,기타금융,133500,2500,1.91,4298700000000
10120,LS ELECTRIC,KOSPI,전기전자,198700,5100,2.63,5961000000000
680,LS네트웍스,KOSPI,유통업,4245,40,0.95,334518802920
229640,LS에코에너지,KOSPI,기타금융,30500,750,2.52,934058809500
108320,LX세미콘,KOSPI,전기전자,79500,1500,1.92,1293011850000
1120,LX인터내셔널,KOSPI,유통업,30700,-650,-2.07,1189932000000
108670,LX하우시스,KOSPI,화학,42150,-900,-2.09,377987290500
108675,LX하우시스우,KOSPI,화학,22850,-300,-1.3,23588740500
383800,LX홀딩스,KOSPI,기타금융,6970,10,0.14,531676409300
38380K,LX홀딩스1우,KOSPI,기타금융,8980,170,1.93,13158259300
23150,MH에탄올,KOSPI,음식료품,6090,40,0.66,44935223340
35420,NAVER,KOSPI,서비스업,171600,3500,2.08,27869314730400
181710,NHN,KOSPI,서비스업,20350,100,0.49,687140603050
400760,NH올원리츠,KOSPI,서비스업,3640,-20,-0.55,153608000000
5940,NH투자증권,KOSPI,증권,13090,150,1.16,4286874193910
5945,NH투자증권우,KOSPI,증권,11610,-10,-0.09,219091938480
338100,NH프라임리츠,KOSPI,서비스업,4375,20,0.46,81637500000
34310,NICE,KOSPI,서비스업,10740,-110,-1.01,402787342980
30190,NICE평가정보,KOSPI,서비스업,10390,-90,-0.86,624518691300
8260,NI스틸,KOSPI,철강금속,4230,75,1.81,120978494910
4250,NPC,KOSPI,화학,4715,50,1.07,173134800000
4255,NPC우,KOSPI,화학,2570,-20,-0.77,13569600000
456040,OCI,KOSPI,화학,99700,-600,-0.6,892563751500
10060,OCI홀딩스,KOSPI,기타금융,86100,-200,-0.23,1684458936300
178920,PI첨단소재,KOSPI,화학,28150,200,0.72,826661964300
5490,POSCO홀딩스,KOSPI,철강금속,378000,1000,0.27,31967924940000
10950,S-Oil,KOSPI,화학,66700,-700,-1.04,7509272226400
10955,S-Oil우,KOSPI,화학,46550,-50,-0.11,187220701850
34120,SBS,KOSPI,서비스업,16900,-130,-0.76,313515922200
5090,SGC에너지,KOSPI,전기가스업,25300,350,1.4,364556124900
1380,SG글로벌,KOSPI,운수장비,2465,55,2.28,110836612495
4060,SG세계물산,KOSPI,유통업,391,2,0.51,79148159360
1770,SHD,KOSPI,철강금속,16700,200,1.21,20288462600
2360,SH에너지화학,KOSPI,화학,577,6,1.05,64124162210
9160,SIMPAC,KOSPI,철강금속,3675,100,2.8,240453471300
123700,SJM,KOSPI,운수장비,3445,0,0,53758873610
25530,SJM홀딩스,KOSPI,유통업,3735,5,0.13,55778519880
34730,SK,KOSPI,기타금융,156300,1300,0.84,11332172478900
11790,SKC,KOSPI,화학,163200,-900,-0.55,6180106233600
18670,SK가스,KOSPI,유통업,173600,-400,-0.23,1602370358400
1740,SK네트웍스,KOSPI,유통업,4650,-20,-0.43,1028942244300
6120,SK디스커버리,KOSPI,기타금융,36550,-100,-0.27,686623000250
6125,SK디스커버리우,KOSPI,기타금융,32000,50,0.16,43470560000
210980,SK디앤디,KOSPI,서비스업,10480,40,0.38,195110163360
395400,SK리츠,KOSPI,서비스업,4795,10,0.21,1295286195805
302440,SK바이오사이언스,KOSPI,의약품,53100,400,0.76,4079553525000
326030,SK바이오팜,KOSPI,서비스업,79500,500,0.63,6225903375000
402340,SK스퀘어,KOSPI,기타금융,103400,-800,-0.77,13933145864000
361610,SK아이이테크놀로지,KOSPI,전기전자,44500,350,0.79,3172742844000
100090,SK오션플랜트,KOSPI,철강금속,14150,320,2.31,837617287200
03473K,SK우,KOSPI,기타금융,136100,900,0.67,77050973500
96770,SK이노베이션,KOSPI,화학,112300,-200,-0.18,10751106757000
96775,SK이노베이션우,KOSPI,화학,82400,0,0,102870302400
475150,SK이터닉스,KOSPI,건설업,20100,280,1.41,562751177100
1510,SK증권,KOSPI,증권,567,1,0.18,267958626957
1515,SK증권우,KOSPI,증권,1883,-23,-1.21,7367263862
285130,SK케미칼,KOSPI,화학,48350,0,0,834220408050
28513K,SK케미칼우,KOSPI,화학,24900,-100,-0.4,52674182100
17670,SK텔레콤,KOSPI,통신업,51400,-200,-0.39,11040208724200
660,SK하이닉스,KOSPI,전기전자,234000,-2000,-0.85,170352553410000
3570,SNT다이내믹스,KOSPI,운수장비,20650,500,2.48,686668193050
64960,SNT모티브,KOSPI,운수장비,46500,-200,-0.43,679975824000
100840,SNT에너지,KOSPI,기계,12420,100,0.81,256855324860
36530,SNT홀딩스,KOSPI,기타금융,21600,100,0.47,352163937600
5610,SPC삼립,KOSPI,음식료품,56200,200,0.36,484950305800
11810,STX,KOSPI,유통업,7600,-20,-0.26,235736245200
465770,STX그린로지스,KOSPI,운수창고업,12840,-910,-6.62,92076050880
77970,STX엔진,KOSPI,기계,16070,270,1.71,369753087280
71970,STX중공업,KOSPI,기계,17510,110,0.63,499957234190
2820,SUN&L,KOSPI,종이목재,2975,-55,-1.82,37508767275
84870,TBH글로벌,KOSPI,섬유의복,1394,0,0,29074405686
2710,TCC스틸,KOSPI,철강금속,50900,-100,-0.2,1334277177300
69260,TKG휴켐스,KOSPI,화학,19320,-100,-0.51,789774320160
7980,TP,KOSPI,섬유의복,1642,26,1.61,84029563460
2900,TYM,KOSPI,기계,4145,10,0.24,186736212620
24070,WISCOM,KOSPI,화학,2345,0,0,35940497110
37270,YG PLUS,KOSPI,서비스업,3345,45,1.36,212171376450
500,가온전선,KOSPI,전기전자,46950,1500,3.3,345455564700
860,강남제비스코,KOSPI,화학,25100,100,0.4,163150000000
35250,강원랜드,KOSPI,서비스업,13950,10,0.07,2984469975000
11420,갤럭시아에스엠,KOSPI,서비스업,1951,69,3.67,53749355444
2100,경농,KOSPI,화학,10180,80,0.79,198739813500
9450,경동나비엔,KOSPI,전기전자,51900,-300,-0.57,756109924800
267290,경동도시가스,KOSPI,전기가스업,19660,110,0.56,115903681960
12320,경동인베스트,KOSPI,기타금융,81600,4000,5.15,192985876800
50,경방,KOSPI,유통업,7720,0,0,211645884400
214390,경보제약,KOSPI,의약품,7440,0,0,177867038400
12610,경인양행,KOSPI,화학,3425,15,0.44,142536050125
9140,경인전자,KOSPI,전기전자,22100,-250,-1.12,34714613700
13580,계룡건설,KOSPI,건설업,13280,20,0.15,118602444960
12200,계양전기,KOSPI,기계,1714,12,0.71,46659928906
12205,계양전기우,KOSPI,기계,4095,45,1.11,4787378505
2140,고려산업,KOSPI,음식료품,2975,40,1.36,74194789375
10130,고려아연,KOSPI,철강금속,536000,4000,0.75,11096959688000
2240,고려제강,KOSPI,철강금속,21450,-50,-0.23,536250000000
9290,광동제약,KOSPI,의약품,6450,0,0,338114488950
17040,광명전기,KOSPI,전기전자,2195,25,1.15,95126064925
17900,광전자,KOSPI,전기전자,2085,30,1.46,120812745855
37710,광주신세계,KOSPI,유통업,30400,-100,-0.33,241898576000
30610,교보증권,KOSPI,증권,5120,110,2.2,583490360320
339770,교촌에프앤비,KOSPI,유통업,9660,180,1.9,241331336400
7690,국도화학,KOSPI,화학,39250,1350,3.56,353666678000
5320,국동,KOSPI,유통업,500,-1,-0.2,33663948500
1140,국보,KOSPI,운수창고업,2110,0,0,33456978680
2720,국제약품,KOSPI,의약품,5870,120,2.09,124208213840
83420,그린케미칼,KOSPI,화학,7610,210,2.84,182640000000
14530,극동유화,KOSPI,화학,3985,50,1.27,138954638700
14280,금강공업,KOSPI,철강금속,4970,10,0.2,145766904290
14285,금강공업우,KOSPI,철강금속,8770,30,0.34,5173203750
8870,금비,KOSPI,비금속광물,60800,0,0,60800000000
1570,금양,KOSPI,화학,83100,100,0.12,4823958074700
2990,금호건설,KOSPI,건설업,3810,0,0,140793196950
2995,금호건설우,KOSPI,건설업,10430,180,1.76,3048334380
11780,금호석유,KOSPI,화학,157300,10800,7.37,4352912406700
11785,금호석유우,KOSPI,화학,67800,2500,3.83,204992350800
214330,금호에이치티,KOSPI,운수장비,558,2,0.36,119364085098
1210,금호전기,KOSPI,전기전자,707,-3,-0.42,27209051247
73240,금호타이어,KOSPI,화학,6320,-200,-3.07,1815485013840
92440,기신정기,KOSPI,기계,2800,5,0.18,81760000000
270,기아,KOSPI,운수장비,124600,-1700,-1.35,49822358758200
24110,기업은행,KOSPI,은행,14180,-70,-0.49,11307498822420
13700,까뮤이앤씨,KOSPI,건설업,1447,-32,-2.16,65335349160
4540,깨끗한나라,KOSPI,종이목재,2435,35,1.46,90681087455
4545,깨끗한나라우,KOSPI,종이목재,13750,-130,-0.94,5034700000
1260,남광토건,KOSPI,건설업,6100,-30,-0.49,59978689200
8350,남선알미늄,KOSPI,철강금속,1660,30,1.84,214271289400
8355,남선알미우,KOSPI,철강금속,18000,70,0.39,5542020000
4270,남성,KOSPI,유통업,1698,-22,-1.28,61488247680
3920,남양유업,KOSPI,음식료품,587000,0,0,422640000000
3925,남양유업우,KOSPI,음식료품,390000,-3500,-0.89,78000000000
25860,남해화학,KOSPI,화학,7060,0,0,350732631580
5720,넥센,KOSPI,화학,4790,-10,-0.21,256475649830
5725,넥센우,KOSPI,화학,3080,-25,-0.81,11089848000
2350,넥센타이어,KOSPI,화학,7840,0,0,765716155680
2355,넥센타이어1우B,KOSPI,화학,3310,45,1.38,21515000000
92790,넥스틸,KOSPI,철강금속,9310,-210,-2.21,242078620000
251270,넷마블,KOSPI,서비스업,55500,-900,-1.6,4770419361000
90350,노루페인트,KOSPI,화학,9650,-10,-0.1,193000000000
90355,노루페인트우,KOSPI,화학,14300,-30,-0.21,6622701800
320,노루홀딩스,KOSPI,기타금융,12930,30,0.23,171854582430
325,노루홀딩스우,KOSPI,기타금융,31550,0,0,7684286450
6280,녹십자,KOSPI,의약품,119000,1000,0.85,1390698022000
5250,녹십자홀딩스,KOSPI,서비스업,13620,20,0.15,640524220200
5257,녹십자홀딩스2우,KOSPI,서비스업,24900,100,0.4,21065151000
4370,농심,KOSPI,음식료품,453500,1500,0.33,2758478147000
72710,농심홀딩스,KOSPI,기타금융,72300,0,0,335312217000
58730,다스코,KOSPI,기계,3090,0,0,59936547690
30210,다올투자증권,KOSPI,증권,3050,0,0,185778873300
23590,다우기술,KOSPI,서비스업,19140,-10,-0.05,858747049380
145210,다이나믹디자인,KOSPI,기계,4215,45,1.08,72924106995
19680,대교,KOSPI,서비스업,2380,-5,-0.21,201592783000
19685,대교우B,KOSPI,서비스업,1389,9,0.65,26984089110
6370,대구백화점,KOSPI,유통업,7030,-120,-1.68,76075925330
8060,대덕,KOSPI,기타금융,6440,-20,-0.31,218252566000
00806K,대덕1우,KOSPI,기타금융,7210,200,2.85,8741093970
353200,대덕전자,KOSPI,전기전자,22000,0,0,1087172350000
35320K,대덕전자1우,KOSPI,전기전자,9090,-70,-0.76,19048267710
490,대동,KOSPI,기계,10350,110,1.07,265382155800
8110,대동전자,KOSPI,전기전자,15040,0,0,157776322880
5750,대림B&Co,KOSPI,비금속광물,3840,-45,-1.16,64021401600
6570,대림통상,KOSPI,기계,3005,-60,-1.96,45751125000
1680,대상,KOSPI,음식료품,26500,1200,4.74,918172662500
1685,대상우,KOSPI,음식료품,19380,690,3.69,26554921740
84690,대상홀딩스,KOSPI,기타금융,11060,1030,10.27,400510670280
84695,대상홀딩스우,KOSPI,기타금융,23600,1200,5.36,21558175200
128820,대성산업,KOSPI,유통업,3745,0,0,169406865110
117580,대성에너지,KOSPI,전기가스업,9160,-110,-1.19,251900000000
16710,대성홀딩스,KOSPI,서비스업,8760,30,0.34,140943660840
3540,대신증권,KOSPI,증권,17200,60,0.35,873302480000
3547,대신증권2우B,KOSPI,증권,14360,-50,-0.35,143600000000
3545,대신증권우,KOSPI,증권,15020,-20,-0.13,390520000000
9190,대양금속,KOSPI,철강금속,1602,10,0.63,63453281580
14160,대영포장,KOSPI,종이목재,1131,12,1.07,122594234919
47040,대우건설,KOSPI,건설업,3745,45,1.22,1556506779310
9320,대우부품,KOSPI,운수장비,1220,-6,-0.49,60145719400
3090,대웅,KOSPI,의약품,20350,1050,5.44,1183189293000
69620,대웅제약,KOSPI,의약품,114400,4000,3.62,1325504180000
430,대원강업,KOSPI,운수장비,5280,20,0.38,327360000000
6340,대원전선,KOSPI,전기전자,4115,270,7.02,308539305125
6345,대원전선우,KOSPI,전기전자,5650,120,2.17,14809780000
3220,대원제약,KOSPI,의약품,14380,20,0.14,319094989720
24890,대원화성,KOSPI,화학,1518,14,0.93,62616212736
2880,대유에이텍,KOSPI,운수장비,1255,-1,-0.08,58663745100
300,대유플러스,KOSPI,전기전자,241,0,0,30475633069
12800,대창,KOSPI,철강금속,1455,38,2.68,132609426045
15230,대창단조,KOSPI,운수장비,5250,40,0.77,150004207500
1070,대한방직,KOSPI,섬유의복,6160,-40,-0.65,32648000000
6650,대한유화,KOSPI,화학,127700,800,0.63,830050000000
1440,대한전선,KOSPI,전기전자,14440,10,0.07,2692299012000
84010,대한제강,KOSPI,철강금속,11980,-200,-1.64,280504476060
1790,대한제당,KOSPI,음식료품,3065,40,1.32,274920017700
1795,대한제당우,KOSPI,음식료품,2755,5,0.18,17860003800
1130,대한제분,KOSPI,음식료품,142800,400,0.28,241332000000
3490,대한항공,KOSPI,운수창고업,22800,150,0.66,8395431070800
3495,대한항공우,KOSPI,운수창고업,23800,100,0.42,26436897200
5880,대한해운,KOSPI,운수창고업,2490,-20,-0.8,794751875400
3830,대한화섬,KOSPI,화학,105500,-1100,-1.03,140104000000
16090,대현,KOSPI,섬유의복,1927,-1,-0.05,85332011370
69460,대호에이엘,KOSPI,철강금속,1201,-24,-1.96,81121420096
192080,더블유게임즈,KOSPI,서비스업,46600,1150,2.53,1001709219600
12510,더존비즈온,KOSPI,서비스업,74400,-600,-0.8,2260479129600
4830,덕성,KOSPI,화학,7790,120,1.56,122147200000
4835,덕성우,KOSPI,화학,11970,220,1.87,16662240000
24900,덕양산업,KOSPI,운수장비,4120,25,0.61,134167717600
145720,덴티움,KOSPI,의료정밀,111100,1800,1.65,1229747013000
2150,도화엔지니어링,KOSPI,서비스업,7520,0,0,253574400000
460850,동국씨엠,KOSPI,철강금속,6750,30,0.45,201815928000
460860,동국제강,KOSPI,철강금속,9450,-10,-0.11,468795760650
1230,동국홀딩스,KOSPI,기타금융,8300,-10,-0.12,263944008900
23450,동남합성,KOSPI,화학,31700,100,0.32,110950000000
4140,동방,KOSPI,운수창고업,2975,130,4.57,142716003850
7590,동방아그로,KOSPI,화학,6330,0,0,86199262410
5960,동부건설,KOSPI,건설업,4805,25,0.52,110257187725
5965,동부건설우,KOSPI,건설업,22650,50,0.22,5112829800
26960,동서,KOSPI,유통업,19140,-180,-0.93,1908258000000
2210,동성제약,KOSPI,의약품,4750,0,0,123979607500
102260,동성케미컬,KOSPI,서비스업,4395,-5,-0.11,218386354560
640,동아쏘시오홀딩스,KOSPI,기타금융,106400,-3500,-3.18,675524343200
170900,동아에스티,KOSPI,의약품,67800,-400,-0.59,599015101800
28100,동아지질,KOSPI,건설업,12860,120,0.94,180717027560
282690,동아타이어,KOSPI,화학,12410,40,0.32,170426716150
1520,동양,KOSPI,비금속광물,872,2,0.23,208132502936
1527,동양2우B,KOSPI,비금속광물,10300,-460,-4.28,3178260700
84670,동양고속,KOSPI,운수창고업,9660,20,0.21,27971196540
82640,동양생명,KOSPI,보험,7440,-560,-7,1200507872400
1525,동양우,KOSPI,비금속광물,5110,-60,-1.16,3156605410
8970,동양철관,KOSPI,철강금속,976,2,0.21,140198372048
92780,동양피스톤,KOSPI,운수장비,6610,-60,-0.9,87043520600
49770,동원F&B,KOSPI,음식료품,43700,2900,7.11,843218594000
18500,동원금속,KOSPI,운수장비,1662,8,0.48,77706698646
6040,동원산업,KOSPI,기타금융,34750,950,2.81,1251760851250
30720,동원수산,KOSPI,"농업, 임업 및 어업",6940,460,7.1,32297406700
14820,동원시스템즈,KOSPI,화학,46350,1300,2.89,1343745920700
14825,동원시스템즈우,KOSPI,화학,24300,550,2.32,6417897300
111380,동인기연,KOSPI,기타제조업,22150,-400,-1.77,135735200000
163560,동일고무벨트,KOSPI,화학,8150,240,3.03,113285000000
4890,동일산업,KOSPI,철강금속,42500,700,1.67,103071637500
2690,동일제강,KOSPI,철강금속,1638,-11,-0.67,33251989680
20,동화약품,KOSPI,의약품,8000,10,0.13,223451760000
150,두산,KOSPI,기타금융,222500,-500,-0.22,3676553287500
157,두산2우B,KOSPI,기타금융,89000,-800,-0.89,79480382000
454910,두산로보틱스,KOSPI,기계,79400,3200,4.2,5146706412000
241560,두산밥캣,KOSPI,기계,50300,700,1.41,5042533049800
34020,두산에너빌리티,KOSPI,기계,21000,1460,7.47,13451784066000
155,두산우,KOSPI,기타금융,88500,-500,-0.56,353686887000
336260,두산퓨얼셀,KOSPI,전기전자,20600,450,2.23,1349170755600
33626K,두산퓨얼셀1우,KOSPI,전기전자,6400,110,1.75,85530880000
33626L,두산퓨얼셀2우B,KOSPI,전기전자,10330,170,1.67,30848479000
16740,두올,KOSPI,운수장비,3560,40,1.14,114157380800
192650,드림텍,KOSPI,전기전자,9460,-30,-0.32,651532544520
24090,디씨엠,KOSPI,철강금속,12310,-20,-0.16,140334000000
3160,디아이,KOSPI,의료정밀,22900,-50,-0.22,648070000000
92200,디아이씨,KOSPI,운수장비,5280,20,0.38,205331644320
377190,디앤디플랫폼리츠,KOSPI,서비스업,3365,-15,-0.44,216706000000
13570,디와이,KOSPI,기타금융,5080,-10,-0.2,133703735640
210540,디와이파워,KOSPI,기계,13310,110,0.83,146965133480
115390,락앤락,KOSPI,화학,8750,0,0,379106096250
32350,롯데관광개발,KOSPI,서비스업,9840,230,2.39,749770440720
89860,롯데렌탈,KOSPI,서비스업,31950,300,0.95,1170458312850
330590,롯데리츠,KOSPI,서비스업,3260,-5,-0.15,792078561840
400,롯데손해보험,KOSPI,보험,2705,0,0,839459745600
23530,롯데쇼핑,KOSPI,유통업,62400,600,0.97,1765218312000
20150,롯데에너지머티리얼즈,KOSPI,전기전자,51000,-700,-1.35,2351652585000
280360,롯데웰푸드,KOSPI,음식료품,169700,-1000,-0.59,1601047207800
286940,롯데이노베이트,KOSPI,서비스업,26700,350,1.33,403954098900
4000,롯데정밀화학,KOSPI,화학,46550,400,0.87,1200990000000
4990,롯데지주,KOSPI,기타금융,25050,-100,-0.4,2627976386850
00499K,롯데지주우,KOSPI,기타금융,35400,400,1.14,28518346200
5300,롯데칠성,KOSPI,음식료품,127700,-1000,-0.78,1184913486800
5305,롯데칠성우,KOSPI,음식료품,67400,0,0,52255894000
11170,롯데케미칼,KOSPI,화학,107400,-800,-0.74,4594080000600
71840,롯데하이마트,KOSPI,유통업,9060,10,0.11,213885870720
27740,마니커,KOSPI,음식료품,1143,24,2.14,72593333604
357430,마스턴프리미어리츠,KOSPI,서비스업,2425,-30,-1.22,64456500000
1080,만호제강,KOSPI,철강금속,47150,0,0,195672500000
88980,맥쿼리인프라,KOSPI,기타금융,12130,60,0.5,5286027836150
94800,맵스리얼티1,KOSPI,기타금융,4240,-25,-0.59,393617563440
138040,메리츠금융지주,KOSPI,기타금융,82200,-1200,-1.44,15677193370800
90370,메타랩스,KOSPI,섬유의복,1799,2,0.11,44803535511
17180,명문제약,KOSPI,의약품,1914,9,0.47,64986910956
9900,명신산업,KOSPI,운수장비,14690,-210,-1.41,770786253770
12690,모나리자,KOSPI,종이목재,3220,75,2.38,117759441100
5360,모나미,KOSPI,유통업,2740,-5,-0.18,51778621180
70960,모나용평,KOSPI,서비스업,3500,20,0.57,168466665500
9680,모토닉,KOSPI,운수장비,8770,90,1.04,289410000000
9580,무림P&P,KOSPI,종이목재,3085,10,0.33,192406279540
9200,무림페이퍼,KOSPI,종이목재,2220,-5,-0.22,92372668200
33920,무학,KOSPI,음식료품,6030,230,3.97,171855000000
8420,문배철강,KOSPI,철강금속,2815,5,0.18,57717366575
25560,미래산업,KOSPI,의료정밀,2270,-10,-0.44,69075577900
7120,미래아이앤지,KOSPI,서비스업,1086,8,0.74,30281572224
396690,미래에셋글로벌리츠,KOSPI,서비스업,3015,5,0.17,119411909100
357250,미래에셋맵스리츠,KOSPI,서비스업,3040,15,0.5,75985119200
85620,미래에셋생명,KOSPI,보험,5540,-220,-3.82,980669687060
6800,미래에셋증권,KOSPI,증권,7660,50,0.66,4560123685280
00680K,미래에셋증권2우B,KOSPI,증권,3685,10,0.27,515900000000
6805,미래에셋증권우,KOSPI,증권,4050,25,0.62,57006787500
2840,미원상사,KOSPI,화학,204500,-1500,-0.73,971375000000
268280,미원에스씨,KOSPI,화학,142500,-3000,-2.06,712500000000
107590,미원홀딩스,KOSPI,기타금융,81900,-200,-0.24,190008000000
134380,미원화학,KOSPI,화학,80500,300,0.37,177041074000
3650,미창석유,KOSPI,화학,78500,200,0.26,136564252000
377740,바이오노트,KOSPI,의약품,4080,20,0.49,416388675840
3610,방림,KOSPI,섬유의복,2650,0,0,112132338500
1340,백광산업,KOSPI,화학,12850,300,2.39,577201529950
35150,백산,KOSPI,화학,14640,-40,-0.27,322080000000
2410,범양건영,KOSPI,건설업,1219,-11,-0.89,30270186058
7210,벽산,KOSPI,비금속광물,1981,3,0.15,133836360000
2760,보락,KOSPI,화학,1222,-3,-0.24,73197800000
3850,보령,KOSPI,의약품,10110,-60,-0.59,694455900000
890,보해양조,KOSPI,음식료품,484,7,1.47,67334142436
3000,부광약품,KOSPI,의약품,5440,-30,-0.55,372393410240
1270,부국증권,KOSPI,증권,26350,0,0,273246496100
1275,부국증권우,KOSPI,증권,21300,50,0.24,63900000000
26940,부국철강,KOSPI,철강금속,2925,35,1.21,58500000000
11390,부산산업,KOSPI,비금속광물,52600,300,0.57,55545600000
5030,부산주공,KOSPI,운수장비,486,0,0,38288532168
2070,비비안,KOSPI,섬유의복,827,7,0.85,24639629730
100220,비상교육,KOSPI,서비스업,4795,155,3.34,62319373095
90460,비에이치,KOSPI,전기전자,23700,800,3.49,816805782300
5180,빙그레,KOSPI,음식료품,89500,1500,1.7,881686069500
3960,사조대림,KOSPI,음식료품,99400,22900,29.93,910948019800
8040,사조동아원,KOSPI,음식료품,1196,169,16.46,168808941600
7160,사조산업,KOSPI,"농업, 임업 및 어업",52900,10800,25.65,264500000000
14710,사조씨푸드,KOSPI,음식료품,7980,1840,29.97,137403973140
6090,사조오양,KOSPI,음식료품,12140,2230,22.5,114392051460
1470,삼부토건,KOSPI,건설업,1484,-15,-1,314664023968
28050,삼성E&A,KOSPI,서비스업,23850,100,0.42,4674600000000
448730,삼성FN리츠,KOSPI,서비스업,5030,-20,-0.4,388819000000
6400,삼성SDI,KOSPI,전기전자,382500,500,0.13,26302432725000
6405,삼성SDI우,KOSPI,전기전자,229000,-3000,-1.29,370498184000
6660,삼성공조,KOSPI,운수장비,17160,60,0.35,139447548240
28260,삼성물산,KOSPI,유통업,148400,-5900,-3.82,26383161478800
02826K,삼성물산우B,KOSPI,유통업,111200,-1500,-1.33,163196008000
207940,삼성바이오로직스,KOSPI,의약품,792000,-11000,-1.37,56369808000000
32830,삼성생명,KOSPI,보험,89900,-3800,-4.06,17980000000000
18260,삼성에스디에스,KOSPI,서비스업,158500,-3900,-2.4,12264381300000
9150,삼성전기,KOSPI,전기전자,164300,-6200,-3.64,12272174252800
9155,삼성전기우,KOSPI,전기전자,75200,-1100,-1.44,218605196800
5930,삼성전자,KOSPI,전기전자,87300,200,0.23,521162016615000
5935,삼성전자우,KOSPI,전기전자,68400,400,0.59,56285450280000
1360,삼성제약,KOSPI,의약품,1556,32,2.1,146516194924
10140,삼성중공업,KOSPI,운수장비,9790,230,2.41,8615200000000
16360,삼성증권,KOSPI,증권,43100,300,0.7,3848830000000
68290,삼성출판사,KOSPI,서비스업,16790,380,2.32,167900000000
29780,삼성카드,KOSPI,기타금융,39350,-200,-0.51,4559047360850
810,삼성화재,KOSPI,보험,370000,-12000,-3.14,17528689690000
815,삼성화재우,KOSPI,보험,280000,-4500,-1.58,893760000000
6110,삼아알미늄,KOSPI,철강금속,73100,-500,-0.68,1075441059600
145990,삼양사,KOSPI,음식료품,51700,1500,2.99,533205313300
145995,삼양사우,KOSPI,음식료품,30200,200,0.67,11176114000
3230,삼양식품,KOSPI,음식료품,604000,8000,1.34,4549941060000
2170,삼양통상,KOSPI,기타제조업,48400,0,0,145200000000
272550,삼양패키징,KOSPI,화학,18260,-330,-1.78,288301132460
70,삼양홀딩스,KOSPI,기타금융,70300,200,0.29,602068251300
75,삼양홀딩스우,KOSPI,기타금융,54100,100,0.19,16449537800
3720,삼영,KOSPI,화학,4025,-30,-0.74,136850000000
2810,삼영무역,KOSPI,유통업,12960,-40,-0.31,239331646080
5680,삼영전자,KOSPI,전기전자,9070,10,0.11,181400000000
23000,삼원강재,KOSPI,운수장비,2735,20,0.74,109400000000
4380,삼익THK,KOSPI,기계,12120,230,1.93,254520000000
2450,삼익악기,KOSPI,기타제조업,1115,-13,-1.15,100941970225
4440,삼일씨엔에스,KOSPI,비금속광물,4310,55,1.29,54874691570
520,삼일제약,KOSPI,의약품,8110,-10,-0.12,171421353850
9770,삼정펄프,KOSPI,종이목재,26550,-150,-0.56,66374230050
5500,삼진제약,KOSPI,의약품,19710,-60,-0.3,273969000000
4690,삼천리,KOSPI,전기가스업,91300,200,0.22,370223782500
10960,삼호개발,KOSPI,건설업,3515,-10,-0.28,87875000000
4450,삼화왕관,KOSPI,기계,31150,-50,-0.16,67108905850
9470,삼화전기,KOSPI,전기전자,63600,-4100,-6.06,420638952000
11230,삼화전자,KOSPI,전기전자,3740,-40,-1.06,63216098000
1820,삼화콘덴서,KOSPI,전기전자,44850,250,0.56,466215750000
390,삼화페인트,KOSPI,화학,8220,-70,-0.84,223612515180
1290,상상인증권,KOSPI,증권,627,2,0.32,67927374240
41650,상신브레이크,KOSPI,운수장비,3570,-30,-0.83,76653076500
75180,새론오토모티브,KOSPI,운수장비,3825,25,0.66,73440000000
7540,샘표,KOSPI,기타금융,50900,1600,3.25,146378220000
248170,샘표식품,KOSPI,음식료품,35050,2600,8.01,160118424300
7860,서연,KOSPI,기타금융,8810,140,1.61,206857425640
200880,서연이화,KOSPI,운수장비,18500,130,0.71,500026084500
17390,서울가스,KOSPI,전기가스업,56500,100,0.18,282500000000
4410,서울식품,KOSPI,음식료품,180,3,1.69,67456000620
4415,서울식품우,KOSPI,음식료품,1540,-55,-3.45,3425730000
21050,서원,KOSPI,철강금속,1344,30,2.28,63805848960
8490,서흥,KOSPI,화학,20700,50,0.24,239480639100
7610,선도전기,KOSPI,전기전자,3000,0,0,54000000000
14910,성문전자,KOSPI,전기전자,1371,9,0.66,30794010435
14915,성문전자우,KOSPI,전기전자,5930,-130,-2.15,3558000000
3080,성보화학,KOSPI,화학,2900,-35,-1.19,58058000000
4980,성신양회,KOSPI,비금속광물,8630,250,2.98,211573709990
4985,성신양회우,KOSPI,비금속광물,12350,40,0.32,9085215750
11300,성안머티리얼스,KOSPI,섬유의복,1148,4,0.35,84141521184
180,성창기업지주,KOSPI,서비스업,1741,-9,-0.51,121437535600
2420,세기상사,KOSPI,유통업,5890,670,12.84,32741614720
4360,세방,KOSPI,운수창고업,12970,80,0.62,250433709300
4365,세방우,KOSPI,운수창고업,7720,40,0.52,28481010000
4490,세방전지,KOSPI,전기전자,91400,-1800,-1.93,1279600000000
1430,세아베스틸지주,KOSPI,철강금속,19900,-200,-1,713656168100
306200,세아제강,KOSPI,철강금속,126400,-1200,-0.94,358508320000
3030,세아제강지주,KOSPI,기타금융,191000,-5700,-2.9,791056487000
19440,세아특수강,KOSPI,철강금속,13790,-10,-0.07,118180300000
58650,세아홀딩스,KOSPI,철강금속,102300,100,0.1,409200000000
13000,세우글로벌,KOSPI,유통업,1319,27,2.09,37861935889
91090,세원이앤씨,KOSPI,기계,1270,0,0,54838923850
21820,세원정공,KOSPI,운수장비,8500,-100,-1.16,85000000000
67830,세이브존I&C,KOSPI,유통업,2335,5,0.21,95830489825
75580,세진중공업,KOSPI,운수장비,10040,440,4.58,570768538240
68270,셀트리온,KOSPI,의약품,183200,-2600,-1.4,39753158453600
336370,솔루스첨단소재,KOSPI,전기전자,20700,250,1.22,1453499020800
33637K,솔루스첨단소재1우,KOSPI,전기전자,3480,70,2.05,58842505680
33637L,솔루스첨단소재2우B,KOSPI,전기전자,6920,120,1.76,26145808320
248070,솔루엠,KOSPI,전기전자,20500,350,1.74,1025113795500
4430,송원산업,KOSPI,화학,12240,-10,-0.08,293760000000
126720,수산인더스트리,KOSPI,건설업,23650,500,2.16,337863900000
17550,수산중공업,KOSPI,기계,1996,6,0.3,124548663480
53210,스카이라이프,KOSPI,서비스업,5080,-20,-0.39,241416611400
204210,스타에스엠리츠,KOSPI,서비스업,2905,0,0,22736897575
26890,스틱인베스트먼트,KOSPI,기타금융,9610,20,0.21,400527261750
134790,시디즈,KOSPI,기타제조업,28250,-500,-1.74,56500000000
16590,신대양제지,KOSPI,종이목재,5950,-30,-0.5,239772029000
29530,신도리코,KOSPI,전기전자,37450,-150,-0.4,377497086050
4970,신라교역,KOSPI,"농업, 임업 및 어업",11490,660,6.09,183840000000
11930,신성이엔지,KOSPI,전기전자,2010,-5,-0.25,413754783510
5390,신성통상,KOSPI,유통업,2285,0,0,328373671150
4170,신세계,KOSPI,유통업,155600,-400,-0.26,1531910163600
35510,신세계 I&C,KOSPI,서비스업,10340,40,0.39,177848000000
34300,신세계건설,KOSPI,건설업,13050,-300,-2.25,101275229700
31430,신세계인터내셔날,KOSPI,유통업,15120,-10,-0.07,539784000000
31440,신세계푸드,KOSPI,서비스업,38600,750,1.98,149477728000
6880,신송홀딩스,KOSPI,유통업,8280,300,3.76,97942944240
5800,신영와코루,KOSPI,섬유의복,9000,-50,-0.55,81000000000
1720,신영증권,KOSPI,증권,71900,0,0,1182036000000
9270,신원,KOSPI,섬유의복,1308,9,0.69,134182953648
2700,신일전자,KOSPI,유통업,1668,4,0.24,118507265028
2870,신풍,KOSPI,유통업,870,-21,-2.36,30414069000
19170,신풍제약,KOSPI,의약품,11900,90,0.76,630521381000
19175,신풍제약우,KOSPI,의약품,19800,0,0,43560000000
481850,신한글로벌액티브리츠,KOSPI,기타금융,2915,45,1.57,126737390560
404990,신한서부티엔디리츠,KOSPI,서비스업,4185,-30,-0.71,234175374540
293940,신한알파리츠,KOSPI,서비스업,6190,-10,-0.16,545339761370
55550,신한지주,KOSPI,기타금융,52600,-900,-1.68,26794083056400
4080,신흥,KOSPI,유통업,14320,-180,-1.24,136040000000
102280,쌍방울,KOSPI,섬유의복,269,0,0,70637282701
3410,쌍용C&E,KOSPI,비금속광물,7000,0,0,3106508062000
4770,써니전자,KOSPI,전기전자,1642,-2,-0.12,60266135528
403550,쏘카,KOSPI,서비스업,19650,150,0.77,644414911800
4920,씨아이테크,KOSPI,전기전자,1122,-6,-0.53,56173819746
112610,씨에스윈드,KOSPI,기계,48250,150,0.31,2034770194750
308170,씨티알모빌리티,KOSPI,운수장비,8170,20,0.25,70343700000
8700,아남전자,KOSPI,전기전자,1712,24,1.42,132037691840
2790,아모레G,KOSPI,화학,30550,400,1.33,2519097399000
00279K,아모레G3우(전환),KOSPI,화학,20850,250,1.21,147872370000
2795,아모레G우,KOSPI,화학,10870,140,1.3,70043779900
90430,아모레퍼시픽,KOSPI,화학,151700,2200,1.47,8873351540300
90435,아모레퍼시픽우,KOSPI,화학,43650,850,1.99,460849279500
2030,아세아,KOSPI,서비스업,254500,-500,-0.2,538432416000
183190,아세아시멘트,KOSPI,비금속광물,10680,-90,-0.84,411200142480
2310,아세아제지,KOSPI,종이목재,8270,-100,-1.19,370351357700
12170,아센디오,KOSPI,서비스업,995,1,0.1,103051640560
267850,아시아나IDT,KOSPI,서비스업,17440,330,1.93,193584000000
20560,아시아나항공,KOSPI,운수창고업,10420,10,0.1,775370580880
122900,아이마켓코리아,KOSPI,유통업,8570,0,0,286485158800
10780,아이에스동서,KOSPI,비금속광물,23600,-450,-1.87,712412633600
139990,아주스틸,KOSPI,철강금속,5380,-40,-0.74,142312776820
1780,알루코,KOSPI,철강금속,2880,0,0,278443100160
18250,애경산업,KOSPI,화학,18960,220,1.17,500732367600
161000,애경케미칼,KOSPI,화학,13000,80,0.62,632433217000
11090,에넥스,KOSPI,기타제조업,525,0,0,31495611525
137310,에스디바이오센서,KOSPI,의료정밀,9340,90,0.97,1162618477020
118000,에스메디,KOSPI,유통업,467,-1,-0.21,66677028521
5850,에스엘,KOSPI,운수장비,42350,-250,-0.59,1967094822000
10580,에스엠벡셀,KOSPI,운수장비,1324,-6,-0.45,147297330240
12750,에스원,KOSPI,서비스업,62300,400,0.65,2367348789400
33530,에스제이지세종,KOSPI,운수장비,5210,10,0.19,144947206810
23960,에쓰씨엔지니어링,KOSPI,건설업,1409,6,0.43,46315633520
298690,에어부산,KOSPI,운수창고업,2645,5,0.19,308512800000
140910,에이리츠,KOSPI,서비스업,3130,0,0,13969290160
78520,에이블씨엔씨,KOSPI,화학,8990,70,0.78,233867307390
15260,에이엔피,KOSPI,전기전자,840,9,1.08,37898190960
7460,에이프로젠,KOSPI,기계,1370,64,4.9,380979913360
3060,에이프로젠바이오로직스,KOSPI,의약품,1712,332,24.06,113977201216
244920,에이플러스에셋,KOSPI,기타금융,3935,-25,-0.63,88961271955
278470,에이피알,KOSPI,화학,320500,4000,1.26,2442267049000
450080,에코프로머티,KOSPI,전기전자,101500,3600,3.68,7010665697000
36570,엔씨소프트,KOSPI,서비스업,189800,6500,3.55,4166873375600
85310,엔케이,KOSPI,기계,890,-1,-0.11,71185183280
900140,엘브이엠씨홀딩스,KOSPI,유통업,2465,-30,-1.2,422965433115
66970,엘앤에프,KOSPI,전기전자,148300,200,0.14,5382509645400
97520,엠씨넥스,KOSPI,전기전자,21900,50,0.23,393712330800
14440,영보화학,KOSPI,화학,3575,15,0.42,71500000000
111770,영원무역,KOSPI,유통업,37750,1200,3.28,1672757917000
9970,영원무역홀딩스,KOSPI,기타금융,86500,-3300,-3.67,1179478708000
3520,영진약품,KOSPI,의약품,2165,5,0.23,395962762615
670,영풍,KOSPI,철강금속,337000,-1000,-0.3,620767480000
6740,영풍제지,KOSPI,종이목재,1450,15,1.05,67399114600
12280,영화금속,KOSPI,운수장비,894,-1,-0.11,46188067470
12160,영흥,KOSPI,철강금속,500,0,0,50655186000
15360,예스코홀딩스,KOSPI,서비스업,43950,650,1.5,263700000000
7310,오뚜기,KOSPI,음식료품,429000,9500,2.26,1719359070000
2630,오리엔트바이오,KOSPI,의약품,514,-2,-0.39,60951664570
271560,오리온,KOSPI,음식료품,92400,1000,1.09,3653138596800
1800,오리온홀딩스,KOSPI,기타금융,14810,-20,-0.13,927778699820
11690,와이투솔루션,KOSPI,전기전자,3315,70,2.16,121244116110
316140,우리금융지주,KOSPI,기타금융,14780,20,0.14,10975502384780
6980,우성,KOSPI,음식료품,18090,-10,-0.06,55898100000
17370,우신시스템,KOSPI,기계,7560,-390,-4.91,138454248240
105840,우진,KOSPI,의료정밀,8980,270,3.1,182506053720
10400,우진아이엔에스,KOSPI,건설업,3695,-60,-1.6,28163290000
49800,우진플라임,KOSPI,기계,2485,-20,-0.8,49700000000
16880,웅진,KOSPI,서비스업,1147,25,2.23,91676360760
95720,웅진씽크빅,KOSPI,서비스업,2065,-5,-0.24,238519859025
5820,원림,KOSPI,섬유의복,16660,70,0.42,38284180200
10600,웰바이오텍,KOSPI,유통업,545,0,0,49553256815
8600,윌비스,KOSPI,유통업,425,8,1.92,28575316575
33270,유나이티드제약,KOSPI,의약품,23350,50,0.21,381394743700
14830,유니드,KOSPI,화학,96000,0,0,649689600000
446070,유니드비티플러스,KOSPI,종이목재,4560,-50,-1.08,48387140400
910,유니온,KOSPI,비금속광물,4985,-10,-0.2,77823920715
47400,유니온머티리얼,KOSPI,비금속광물,2560,-35,-1.35,107520000000
11330,유니켐,KOSPI,기타제조업,1661,16,0.97,160711269191
77500,유니퀘스트,KOSPI,유통업,5840,110,1.92,127277047600
2920,유성기업,KOSPI,운수장비,2505,-25,-0.99,64998487500
700,유수홀딩스,KOSPI,서비스업,5470,-20,-0.36,142448711640
3470,유안타증권,KOSPI,증권,2955,5,0.17,589807882080
3475,유안타증권우,KOSPI,증권,2990,5,0.17,38607513880
72130,유엔젤,KOSPI,서비스업,3365,30,0.9,44402702710
220,유유제약,KOSPI,의약품,4695,15,0.32,79966887945
225,유유제약1우,KOSPI,의약품,4885,40,0.83,11073953050
227,유유제약2우B,KOSPI,의약품,11300,-130,-1.14,3678828000
1200,유진투자증권,KOSPI,증권,5520,-30,-0.54,534702627360
100,유한양행,KOSPI,의약품,87100,-2400,-2.68,6986209474400
105,유한양행우,KOSPI,의약품,69900,500,0.72,82547706000
3460,유화증권,KOSPI,증권,2230,20,0.9,126446385450
3465,유화증권우,KOSPI,증권,2170,-20,-0.91,37923842250
8730,율촌화학,KOSPI,화학,37800,-700,-1.82,937440000000
8250,이건산업,KOSPI,종이목재,5390,-40,-0.74,59034702650
25820,이구산업,KOSPI,철강금속,5570,90,1.64,186271940000
214320,이노션,KOSPI,서비스업,20150,-300,-1.47,806000000000
88260,이리츠코크렙,KOSPI,서비스업,4880,50,1.04,309106959200
139480,이마트,KOSPI,유통업,57400,900,1.59,1600072010600
457190,이수스페셜티케미컬,KOSPI,화학,47200,2100,4.66,1425830816000
7660,이수페타시스,KOSPI,전기전자,56000,-700,-1.23,3541799464000
5950,이수화학,KOSPI,화학,10030,210,2.14,227909072170
15020,이스타코,KOSPI,서비스업,687,1,0.15,29439049200
93230,이아이디,KOSPI,유통업,1392,0,0,354103029120
74610,이엔플러스,KOSPI,기계,2730,35,1.3,198410118270
102460,이연제약,KOSPI,의약품,13910,210,1.53,258542541010
84680,이월드,KOSPI,기타제조업,1862,-37,-1.95,264043131366
350520,이지스레지던스리츠,KOSPI,서비스업,4190,-25,-0.59,118822605230
334890,이지스밸류리츠,KOSPI,서비스업,5140,30,0.59,264419430660
760,이화산업,KOSPI,유통업,14270,60,0.42,39956000000
14990,인디에프,KOSPI,섬유의복,545,0,0,40936582275
101140,인바이오젠,KOSPI,유통업,9340,0,0,93812977440
6490,인스코비,KOSPI,통신업,950,6,0.64,110550749500
23800,인지컨트롤스,KOSPI,운수장비,7020,130,1.89,110980562940
34590,인천도시가스,KOSPI,전기가스업,25700,100,0.39,112431177800
129260,인터지스,KOSPI,운수창고업,2295,-10,-0.43,68271370830
23810,인팩,KOSPI,운수장비,8070,-230,-2.77,80700000000
249420,일동제약,KOSPI,의약품,13450,240,1.82,377440638450
230,일동홀딩스,KOSPI,의약품,7590,140,1.88,87591636000
13360,일성건설,KOSPI,건설업,1251,-2,-0.16,67585124880
3120,일성아이에스,KOSPI,의약품,18550,-50,-0.27,246715000000
3200,일신방직,KOSPI,섬유의복,8550,-90,-1.04,199044000000
7110,일신석재,KOSPI,유통업,1200,41,3.54,92947932000
7570,일양약품,KOSPI,의약품,12420,-90,-0.72,237043946880
7575,일양약품우,KOSPI,의약품,12080,-90,-0.74,5376566400
8500,일정실업,KOSPI,섬유의복,12930,270,2.13,15516000000
81000,일진다이아,KOSPI,화학,15680,310,2.02,222702648000
20760,일진디스플,KOSPI,전기전자,1096,2,0.18,56459060136
103590,일진전기,KOSPI,전기전자,26050,600,2.36,1242204409500
271940,일진하이솔루스,KOSPI,운수장비,22300,250,1.13,809784137000
15860,일진홀딩스,KOSPI,기타금융,3980,0,0,196402982340
226320,잇츠한불,KOSPI,화학,13670,430,3.25,299773736050
317400,자이에스앤디,KOSPI,서비스업,4490,-50,-1.1,174133514800
33240,자화전자,KOSPI,전기전자,24700,-100,-0.4,547249989000
950,전방,KOSPI,섬유의복,20800,-100,-0.48,34944000000
348950,제이알글로벌리츠,KOSPI,서비스업,3800,-20,-0.52,750028800000
194370,제이에스코퍼레이션,KOSPI,기타제조업,18750,140,0.75,250042518750
25620,제이준코스메틱,KOSPI,화학,5960,80,1.36,26729682160
30000,제일기획,KOSPI,서비스업,18390,-110,-0.59,2115608127750
271980,제일약품,KOSPI,의약품,15710,20,0.13,231013539120
1560,제일연마,KOSPI,비금속광물,8560,-110,-1.27,84744000000
2620,제일파마홀딩스,KOSPI,서비스업,9820,0,0,156858346100
6220,제주은행,KOSPI,은행,11300,-340,-2.92,363055146200
89590,제주항공,KOSPI,운수창고업,9990,-70,-0.7,805603440150
4910,조광페인트,KOSPI,화학,7400,50,0.68,94720000000
4700,조광피혁,KOSPI,기타제조업,50800,0,0,337776210400
1550,조비,KOSPI,화학,12540,-160,-1.26,65110677060
462520,조선내화,KOSPI,비금속광물,19070,-570,-2.9,226078053760
120030,조선선재,KOSPI,기계,96300,-200,-0.21,121111791300
18470,조일알미늄,KOSPI,철강금속,2025,20,1,256429235025
2600,조흥,KOSPI,음식료품,171400,3700,2.21,102840000000
185750,종근당,KOSPI,의약품,100000,-100,-0.1,1317442000000
63160,종근당바이오,KOSPI,의약품,22500,500,2.27,123434145000
1630,종근당홀딩스,KOSPI,의약품,53800,300,0.56,269530521800
109070,주성코퍼레이션,KOSPI,전기전자,4100,0,0,216521943000
44380,주연테크,KOSPI,전기전자,381,0,0,22554911964
13890,지누스,KOSPI,기타제조업,15430,1070,7.45,319944197720
13870,지엠비코리아,KOSPI,운수장비,4305,-5,-0.12,82106165400
71320,지역난방공사,KOSPI,전기가스업,49400,2200,4.66,571989953600
88790,진도,KOSPI,유통업,1896,-9,-0.47,23600922624
3780,진양산업,KOSPI,화학,6380,90,1.43,82940000000
10640,진양폴리,KOSPI,화학,6730,90,1.36,67300000000
100250,진양홀딩스,KOSPI,화학,3195,-5,-0.16,178585457940
51630,진양화학,KOSPI,화학,3540,-10,-0.28,55932000000
272450,진에어,KOSPI,운수창고업,11260,-70,-0.62,587772000000
11000,진원생명과학,KOSPI,의약품,2105,85,4.21,168482168675
2780,진흥기업,KOSPI,건설업,889,3,0.34,129324381305
2787,진흥기업2우B,KOSPI,건설업,12460,-30,-0.24,3673307680
2785,진흥기업우B,KOSPI,건설업,4235,35,0.83,3630318230
9310,참엔지니어링,KOSPI,기계,478,10,2.14,40566626282
650,천일고속,KOSPI,운수창고업,46550,700,1.53,66530191000
12600,청호ICT,KOSPI,기계,2490,0,0,116119947330
33250,체시스,KOSPI,운수장비,1411,35,2.54,45152000000
35720,카카오,KOSPI,서비스업,42850,1350,3.25,18999487748000
323410,카카오뱅크,KOSPI,은행,21800,400,1.87,10396989786600
377300,카카오페이,KOSPI,기타금융,27350,400,1.48,3680107147000
6380,카프로,KOSPI,화학,3660,0,0,618539985360
1620,케이비아이동국실업,KOSPI,운수장비,616,7,1.15,68556507096
29460,케이씨,KOSPI,의료정밀,20150,160,0.8,273113986600
281820,케이씨텍,KOSPI,의료정밀,47100,1400,3.06,982579287600
381970,케이카,KOSPI,유통업,13340,180,1.37,642748853820
145270,케이탑리츠,KOSPI,서비스업,1028,7,0.69,49406475672
417310,코람코더원리츠,KOSPI,서비스업,5080,-40,-0.78,205232000000
357120,코람코라이프인프라리츠,KOSPI,서비스업,4615,0,0,408586597510
7815,코리아써우,KOSPI,전기전자,7200,40,0.56,21345768000
7810,코리아써키트,KOSPI,전기전자,16250,20,0.12,383837203750
00781K,코리아써키트2우B,KOSPI,전기전자,6950,-100,-1.42,5446708050
3690,코리안리,KOSPI,보험,7990,-30,-0.37,1321286532740
192820,코스맥스,KOSPI,화학,188900,9300,5.18,2143922250100
44820,코스맥스비티아이,KOSPI,기타금융,10030,-20,-0.2,96327327630
5070,코스모신소재,KOSPI,화학,148600,2600,1.78,4831098341600
5420,코스모화학,KOSPI,화학,28100,0,0,1079271206800
71950,코아스,KOSPI,기타제조업,565,130,29.89,17462573650
2020,코오롱,KOSPI,기타금융,15920,-10,-0.06,201012701920
138490,코오롱ENP,KOSPI,화학,7320,150,2.09,278160000000
3070,코오롱글로벌,KOSPI,건설업,11780,70,0.6,223027359140
3075,코오롱글로벌우,KOSPI,건설업,21000,600,2.94,15555477000
450140,코오롱모빌리티그룹,KOSPI,유통업,2860,30,1.06,179542935000
45014K,코오롱모빌리티그룹우,KOSPI,유통업,5300,-90,-1.67,13017436000
2025,코오롱우,KOSPI,기타금융,13090,-110,-0.83,14089945100
120110,코오롱인더,KOSPI,화학,36650,250,0.69,1008574685150
120115,코오롱인더우,KOSPI,화학,21700,250,1.17,60062562000
21240,코웨이,KOSPI,서비스업,60400,1000,1.68,4457496987600
36420,콘텐트리중앙,KOSPI,서비스업,11110,-80,-0.71,214004241880
24720,콜마홀딩스,KOSPI,기타금융,9490,210,2.26,348942744800
31820,콤텍시스템,KOSPI,서비스업,623,-1,-0.16,75415063318
192400,쿠쿠홀딩스,KOSPI,기타금융,21950,50,0.23,780589960750
284740,쿠쿠홈시스,KOSPI,서비스업,22900,300,1.33,513814857000
264900,크라운제과,KOSPI,음식료품,9420,270,2.95,117974667000
26490K,크라운제과우,KOSPI,음식료품,10720,200,1.9,8292563200
5740,크라운해태홀딩스,KOSPI,기타금융,6760,150,2.27,100368065720
5745,크라운해태홀딩스우,KOSPI,기타금융,9830,-110,-1.11,5905136580
259960,크래프톤,KOSPI,서비스업,278000,-2000,-0.71,13313212334000
20120,키다리스튜디오,KOSPI,서비스업,4175,20,0.48,154670248050
39490,키움증권,KOSPI,증권,137200,-500,-0.36,3502264063200
14580,태경비케이,KOSPI,비금속광물,5300,90,1.73,146190430000
15890,태경산업,KOSPI,화학,5480,60,1.11,160173550000
6890,태경케미컬,KOSPI,화학,13240,50,0.38,153584000000
3240,태광산업,KOSPI,화학,632000,-4000,-0.63,703668800000
11280,태림포장,KOSPI,종이목재,2480,0,0,175598731200
4100,태양금속,KOSPI,운수장비,2510,80,3.29,92117000000
4105,태양금속우,KOSPI,운수장비,4155,100,2.47,13711500000
9410,태영건설,KOSPI,건설업,2310,0,0,89856916380
9415,태영건설우,KOSPI,건설업,3565,0,0,4642136230
1420,태원물산,KOSPI,운수장비,4150,-45,-1.07,31540000000
55490,테이팩스,KOSPI,화학,24700,-1350,-5.18,117810355000
78000,텔코웨어,KOSPI,서비스업,10670,-220,-2.02,103527873020
214420,토니모리,KOSPI,화학,11470,1020,9.76,275908544530
19180,티에이치엔,KOSPI,전기전자,3480,15,0.43,62640000000
363280,티와이홀딩스,KOSPI,기타금융,3395,-35,-1.02,171207364860
36328K,티와이홀딩스우,KOSPI,기타금융,4970,25,0.51,6177779580
91810,티웨이항공,KOSPI,운수창고업,2715,60,2.26,584753919840
4870,티웨이홀딩스,KOSPI,비금속광물,526,-7,-1.31,58707750518
34230,파라다이스,KOSPI,서비스업,12620,110,0.88,1158157882260
5690,파미셀,KOSPI,의약품,5450,50,0.93,327092453800
36580,팜스코,KOSPI,음식료품,2830,-10,-0.35,103940078690
4720,팜젠사이언스,KOSPI,의약품,5240,-10,-0.19,95255471000
28670,팬오션,KOSPI,운수창고업,3990,-70,-1.72,2132932352880
10820,퍼스텍,KOSPI,기계,3135,60,1.95,152900025630
16800,퍼시스,KOSPI,기타제조업,48300,-2500,-4.92,555450000000
1020,페이퍼코리아,KOSPI,종이목재,784,10,1.29,139538917392
90080,평화산업,KOSPI,운수장비,1119,-1,-0.09,61435627821
10770,평화홀딩스,KOSPI,운수장비,2980,5,0.17,43583888680
22100,포스코DX,KOSPI,서비스업,38050,700,1.87,5784921438450
58430,포스코스틸리온,KOSPI,철강금속,45550,200,0.44,273300000000
47050,포스코인터내셔널,KOSPI,유통업,58000,300,0.52,10203521704000
3670,포스코퓨처엠,KOSPI,전기전자,269000,2500,0.94,20837606180000
17810,풀무원,KOSPI,음식료품,15140,690,4.78,577145005880
103140,풍산,KOSPI,철강금속,66200,2200,3.44,1855207203600
5810,풍산홀딩스,KOSPI,기타금융,28850,350,1.23,415938874200
950210,프레스티지바이오파마,KOSPI,서비스업,9430,240,2.61,566706741650
9810,플레이그램,KOSPI,유통업,577,-30,-4.94,87639087500
86790,하나금융지주,KOSPI,기타금융,64500,-1700,-2.57,18857000571000
293480,하나제약,KOSPI,의약품,12480,20,0.16,221806366080
39130,하나투어,KOSPI,서비스업,55500,0,0,890174767500
352820,하이브,KOSPI,서비스업,196400,-1000,-0.51,8180471850800
71090,하이스틸,KOSPI,철강금속,3580,55,1.56,72285466180
19490,하이트론,KOSPI,전기전자,949,19,2.04,26203051576
80,하이트진로,KOSPI,음식료품,20600,250,1.23,1444752386600
87,하이트진로2우B,KOSPI,음식료품,16440,80,0.49,18579468720
140,하이트진로홀딩스,KOSPI,기타금융,9060,0,0,210253290900
145,하이트진로홀딩스우,KOSPI,기타금융,12580,340,2.78,5922789800
152550,한국ANKOR유전,KOSPI,기타금융,430,-8,-1.83,30108600000
36460,한국가스공사,KOSPI,전기가스업,48200,1150,2.44,4449486600000
5430,한국공항,KOSPI,운수창고업,75600,3200,4.42,239376438000
71050,한국금융지주,KOSPI,기타금융,71500,-700,-0.97,3984408428000
71055,한국금융지주우,KOSPI,기타금융,49900,100,0.2,292326724900
10040,한국내화,KOSPI,비금속광물,2585,0,0,106158355270
25540,한국단자,KOSPI,전기전자,65400,1100,1.71,681141000000
10100,한국무브넥스,KOSPI,운수장비,4880,-5,-0.1,148598049600
4090,한국석유,KOSPI,비금속광물,18010,-20,-0.11,228621101200
2200,한국수출포장,KOSPI,종이목재,2545,5,0.2,101800000000
2960,한국쉘석유,KOSPI,화학,310500,1500,0.49,403650000000
240,한국앤컴퍼니,KOSPI,기타금융,15780,60,0.38,1498078087200
123890,한국자산신탁,KOSPI,기타금융,2995,5,0.17,371313367240
15760,한국전력,KOSPI,전기가스업,19800,290,1.49,12710888724600
6200,한국전자홀딩스,KOSPI,기타금융,889,5,0.57,41607987904
27970,한국제지,KOSPI,종이목재,1140,10,0.88,216803190180
23350,한국종합기술,KOSPI,서비스업,5380,30,0.56,58911000000
25890,한국주강,KOSPI,기계,1984,29,1.48,22437569856
970,한국주철관,KOSPI,철강금속,6570,30,0.46,149799285000
104700,한국철강,KOSPI,철강금속,8850,-170,-1.88,375682500000
17960,한국카본,KOSPI,기계,10670,100,0.95,553863182840
161890,한국콜마,KOSPI,화학,61100,-1100,-1.77,1442270204700
161390,한국타이어앤테크놀로지,KOSPI,화학,43550,50,0.11,5394759254950
34830,한국토지신탁,KOSPI,기타금융,1000,1,0.1,252489230000
7280,한국특강,KOSPI,철강금속,1608,-44,-2.66,97787804088
168490,한국패러랠,KOSPI,기타금융,225,-5,-2.17,18004500000
47810,한국항공우주,KOSPI,운수장비,49850,450,0.91,4859134083950
123690,한국화장품,KOSPI,유통업,8630,230,2.74,138666840000
3350,한국화장품제조,KOSPI,화학,55100,2800,5.35,249713200000
11500,한농화성,KOSPI,화학,15200,300,2.01,237683038400
2390,한독,KOSPI,의약품,17960,910,5.34,247193052680
53690,한미글로벌,KOSPI,서비스업,15780,640,4.23,172910139000
42700,한미반도체,KOSPI,기계,163400,-2000,-1.21,15848759795600
8930,한미사이언스,KOSPI,기타금융,33300,-400,-1.19,2277438615000
128940,한미약품,KOSPI,의약품,279000,-8000,-2.79,3574266489000
9240,한샘,KOSPI,유통업,57700,1600,2.85,1357907645600
20000,한섬,KOSPI,섬유의복,17720,-230,-1.28,414621420000
3680,한성기업,KOSPI,음식료품,8950,1390,18.39,55575159250
105630,한세실업,KOSPI,섬유의복,19190,-190,-0.98,767600000000
69640,한세엠케이,KOSPI,유통업,1975,9,0.46,59460341450
16450,한세예스24홀딩스,KOSPI,섬유의복,4680,40,0.86,187200000000
10420,한솔PNS,KOSPI,유통업,1047,3,0.29,21456183564
9180,한솔로지스틱스,KOSPI,운수창고업,2850,35,1.24,79962521250
213500,한솔제지,KOSPI,종이목재,10810,80,0.75,257284226560
14680,한솔케미칼,KOSPI,화학,186500,-1400,-0.75,2114013867500
4710,한솔테크닉스,KOSPI,전기전자,5400,70,1.31,173393341200
4150,한솔홀딩스,KOSPI,기타금융,2690,-5,-0.19,113003072130
25750,한솔홈데코,KOSPI,종이목재,737,0,0,59376514813
4960,한신공영,KOSPI,건설업,6990,520,8.04,80879206980
11700,한신기계,KOSPI,기계,4590,180,4.08,148927833090
1750,한양증권,KOSPI,증권,11410,-10,-0.09,145232572940
1755,한양증권우,KOSPI,증권,12800,-30,-0.23,6720000000
18880,한온시스템,KOSPI,기계,4490,-175,-3.75,2396762000000
9420,한올바이오파마,KOSPI,의약품,31500,-550,-1.72,1645580097000
14130,한익스프레스,KOSPI,운수창고업,4185,70,1.7,50220000000
300720,한일시멘트,KOSPI,비금속광물,13360,30,0.23,925334174400
2220,한일철강,KOSPI,철강금속,2245,-45,-1.97,59935797700
6390,한일현대시멘트,KOSPI,비금속광물,14720,40,0.27,284503331840
3300,한일홀딩스,KOSPI,비금속광물,13260,0,0,408844041840
51600,한전KPS,KOSPI,건설업,36300,450,1.26,1633500000000
52690,한전기술,KOSPI,서비스업,71800,4000,5.9,2744196000000
130660,한전산업,KOSPI,서비스업,11270,480,4.45,367402000000
2320,한진,KOSPI,운수창고업,19540,-50,-0.26,292076651120
3480,한진중공업홀딩스,KOSPI,전기가스업,3630,0,0,107193217560
180640,한진칼,KOSPI,기타금융,67600,-2200,-3.15,4513130060400
18064K,한진칼우,KOSPI,기타금융,24950,0,0,13392311700
5110,한창,KOSPI,유통업,1254,0,0,23332434378
9460,한창제지,KOSPI,종이목재,769,5,0.65,45884296734
372910,한컴라이프케어,KOSPI,의료정밀,4875,70,1.46,134912729250
880,한화,KOSPI,화학,28700,-350,-1.2,2151315694500
00088K,한화3우B,KOSPI,화학,15340,40,0.26,344720480000
452260,한화갤러리아,KOSPI,유통업,1205,10,0.84,233600830050
45226K,한화갤러리아우,KOSPI,유통업,2870,50,1.77,8335828900
451800,한화리츠,KOSPI,서비스업,4950,-10,-0.2,349470000000
88350,한화생명,KOSPI,보험,2960,-65,-2.15,2570848800000
370,한화손해보험,KOSPI,보험,5210,10,0.19,608209747150
9830,한화솔루션,KOSPI,화학,27000,-150,-0.55,4641098472000
9835,한화솔루션우,KOSPI,화학,22400,0,0,57687817600
272210,한화시스템,KOSPI,전기전자,18290,210,1.16,3455335624810
12450,한화에어로스페이스,KOSPI,운수장비,250000,8500,3.52,12657500000000
82740,한화엔진,KOSPI,기계,14350,490,3.54,1197466487700
42660,한화오션,KOSPI,운수장비,30450,350,1.16,9328628474550
885,한화우,KOSPI,화학,39950,0,0,19147795300
3530,한화투자증권,KOSPI,증권,3205,25,0.79,687625618875
3535,한화투자증권우,KOSPI,증권,6300,-60,-0.94,30240000000
195870,해성디에스,KOSPI,전기전자,46250,1300,2.89,786250000000
101530,해태제과식품,KOSPI,음식료품,7220,310,4.49,210223454840
143210,핸즈코퍼레이션,KOSPI,운수장비,2255,70,3.2,49329809485
720,현대건설,KOSPI,건설업,31900,0,0,3552248903500
725,현대건설우,KOSPI,건설업,48650,-50,-0.1,51310814450
453340,현대그린푸드,KOSPI,유통업,12230,250,2.09,414363578220
86280,현대글로비스,KOSPI,운수창고업,245000,-500,-0.2,9187500000000
64350,현대로템,KOSPI,운수장비,38750,750,1.97,4229263853750
79430,현대리바트,KOSPI,기타제조업,8850,-120,-1.34,181737245700
12330,현대모비스,KOSPI,운수장비,237500,-4500,-1.86,22086334825000
69960,현대백화점,KOSPI,유통업,47700,0,0,1116296435700
4560,현대비앤지스틸,KOSPI,철강금속,17260,290,1.71,260260277860
4310,현대약품,KOSPI,의약품,3480,5,0.14,111360000000
17800,현대엘리베이,KOSPI,기계,42250,0,0,1651653266250
307950,현대오토에버,KOSPI,서비스업,177200,6700,3.93,4859529610400
11210,현대위아,KOSPI,운수장비,56700,-200,-0.35,1541961206100
4020,현대제철,KOSPI,철강금속,29000,150,0.52,3869927765000
5440,현대지에프홀딩스,KOSPI,기타금융,4355,0,0,678963230855
5380,현대차,KOSPI,운수장비,283500,2500,0.89,59369490148500
5387,현대차2우B,KOSPI,운수장비,181200,900,0.5,6479601649200
5389,현대차3우B,KOSPI,운수장비,174900,-100,-0.06,416332659600
5385,현대차우,KOSPI,운수장비,177700,-100,-0.06,4242052267600
1500,현대차증권,KOSPI,증권,8800,-10,-0.11,279070545600
11760,현대코퍼레이션,KOSPI,유통업,22500,650,2.97,297651735000
227840,현대코퍼레이션홀딩스,KOSPI,유통업,10900,10,0.09,99199112400
126560,현대퓨처넷,KOSPI,통신업,3630,10,0.28,400036690350
1450,현대해상,KOSPI,보험,33950,-550,-1.59,3035130000000
57050,현대홈쇼핑,KOSPI,유통업,51300,900,1.79,615600000000
93240,형지엘리트,KOSPI,섬유의복,1122,-5,-0.44,34955683356
3010,혜인,KOSPI,유통업,5490,30,0.55,69792981030
111110,호전실업,KOSPI,섬유의복,7010,50,0.72,68347387840
8770,호텔신라,KOSPI,유통업,52600,900,1.74,2064451164600
8775,호텔신라우,KOSPI,유통업,40750,350,0.87,30639069250
2460,화성산업,KOSPI,건설업,9290,-60,-0.64,94293500000
378850,화승알앤에이,KOSPI,운수장비,4900,145,3.05,93068752700
241590,화승엔터프라이즈,KOSPI,기타제조업,7440,220,3.05,450784213440
6060,화승인더,KOSPI,화학,4015,70,1.77,222109800000
13520,화승코퍼레이션,KOSPI,운수장비,2080,25,1.22,104106604160
10690,화신,KOSPI,운수장비,12500,100,0.81,436505125000
133820,화인베스틸,KOSPI,철강금속,985,11,1.13,30363726230
10660,화천기계,KOSPI,기계,3200,45,1.43,70400000000
850,화천기공,KOSPI,기계,30250,-550,-1.79,66550000000
16580,환인제약,KOSPI,의약품,14460,190,1.33,268957012200
32560,황금에스티,KOSPI,철강금속,6260,0,0,106420000000
4800,효성,KOSPI,기타금융,59000,0,0,1207513706000
94280,효성ITX,KOSPI,서비스업,13590,-50,-0.37,157075938000
298040,효성중공업,KOSPI,전기전자,330000,19500,6.28,3077100840000
298050,효성첨단소재,KOSPI,화학,344500,-3000,-0.86,1543342086000
298020,효성티앤씨,KOSPI,화학,333500,-6500,-1.91,1443281947000
298000,효성화학,KOSPI,화학,60200,-1000,-1.63,228267022200
93370,후성,KOSPI,화학,7610,-60,-0.78,816213061300
81660,휠라홀딩스,KOSPI,유통업,39900,-100,-0.25,2397823976100
5870,휴니드,KOSPI,전기전자,6310,30,0.48,89072054650
79980,휴비스,KOSPI,화학,3210,60,1.9,110745000000
5010,휴스틸,KOSPI,철강금속,4440,25,0.57,249475053000
540,흥국화재,KOSPI,보험,4475,-45,-1,287485836375
545,흥국화재우,KOSPI,보험,6750,0,0,5184000000
3280,흥아해운,KOSPI,운수창고업,2385,-10,-0.42,573413384115