종목코드	종목명	시장구분	업종명	종가	대비	등락률	시가총액
095570	AJ네트웍스	KOSPI	서비스업	"4,160"	-40	-0.95	"188,251,477,440"
006840	AK홀딩스	KOSPI	기타금융	"17,990"	110	0.62	"238,323,622,390"
027410	BGF	KOSPI	기타금융	"3,530"	-25	-0.70	"337,880,272,230"
282330	BGF리테일	KOSPI	유통업	"131,100"	"-1,200"	-0.91	"2,265,920,076,600"
138930	BNK금융지주	KOSPI	기타금융	"7,110"	40	0.57	"2,290,048,794,180"
001460	BYC	KOSPI	섬유의복	"417,000"	"-8,500"	-2.00	"260,464,455,000"
001465	BYC우	KOSPI	섬유의복	"138,700"	"-1,100"	-0.79	"29,873,899,500"
001040	CJ	KOSPI	기타금융	"88,600"	100	0.11	"2,585,082,022,800"
079160	CJ CGV	KOSPI	서비스업	"5,600"	60	1.08	"685,615,196,000"
00104K	CJ4우(전환)	KOSPI	기타금융	"69,500"	0	0.00	"293,742,584,000"
000120	CJ대한통운	KOSPI	운수창고업	"96,300"	"2,800"	2.99	"2,196,828,727,200"
011150	CJ씨푸드	KOSPI	음식료품	"2,830"	-50	-1.74	"101,684,087,590"
011155	CJ씨푸드1우	KOSPI	음식료품	"22,950"	"-2,250"	-8.93	"4,590,000,000"
001045	CJ우	KOSPI	기타금융	"48,900"	-50	-0.10	"110,524,904,700"
097950	CJ제일제당	KOSPI	음식료품	"324,000"	"-2,000"	-0.61	"4,877,556,264,000"
097955	CJ제일제당 우	KOSPI	음식료품	"134,500"	-600	-0.44	"178,539,738,500"
000480	CR홀딩스	KOSPI	비금속광물	"6,580"	-390	-5.60	"185,192,994,560"
000590	CS홀딩스	KOSPI	기타금융	"59,200"	100	0.17	"68,345,334,400"
012030	DB	KOSPI	서비스업	"1,643"	-5	-0.30	"330,528,771,919"
016610	DB금융투자	KOSPI	증권	"3,985"	0	0.00	"169,148,860,165"
005830	DB손해보험	KOSPI	보험	"81,800"	500	0.62	"5,791,440,000,000"
000990	DB하이텍	KOSPI	전기전자	"55,800"	-300	-0.53	"2,477,441,210,400"
139130	DGB금융지주	KOSPI	기타금융	"8,330"	-30	-0.36	"1,408,984,788,890"
001530	DI동일	KOSPI	유통업	"32,400"	0	0.00	"843,717,934,800"
000210	DL	KOSPI	화학	"47,150"	-850	-1.77	"988,069,930,600"
001880	DL건설	KOSPI	건설업	"13,190"	-30	-0.23	"290,882,815,960"
000215	DL우	KOSPI	화학	"23,000"	-500	-2.13	"38,780,645,000"
375500	DL이앤씨	KOSPI	건설업	"37,550"	250	0.67	"1,452,945,543,650"
37550L	DL이앤씨2우(전환)	KOSPI	건설업	"24,050"	-100	-0.41	"50,792,421,550"
37550K	DL이앤씨우	KOSPI	건설업	"18,600"	50	0.27	"39,318,261,000"
007340	DN오토모티브	KOSPI	전기전자	"70,800"	100	0.14	"707,575,554,000"
004840	DRB동일	KOSPI	화학	"5,630"	-260	-4.41	"112,205,900,000"
155660	DSR	KOSPI	철강금속	"4,455"	35	0.79	"71,280,000,000"
069730	DSR제강	KOSPI	철강금속	"4,305"	50	1.18	"61,992,000,000"
017940	E1	KOSPI	유통업	"63,100"	"2,400"	3.95	"432,866,000,000"
365550	ESR켄달스퀘어리츠	KOSPI	서비스업	"3,635"	15	0.41	"774,578,515,000"
383220	F&F	KOSPI	섬유의복	"88,500"	-800	-0.90	"3,390,176,137,500"
007700	F&F홀딩스	KOSPI	기타금융	"16,380"	-410	-2.44	"640,693,331,460"
114090	GKL	KOSPI	서비스업	"14,070"	-90	-0.64	"870,309,276,900"
078930	GS	KOSPI	기타금융	"42,750"	0	0.00	"3,972,132,409,500"
006360	GS건설	KOSPI	건설업	"16,910"	-60	-0.35	"1,447,182,995,900"
001250	GS글로벌	KOSPI	유통업	"2,555"	-10	-0.39	"210,873,767,020"
007070	GS리테일	KOSPI	유통업	"25,250"	50	0.20	"2,644,127,530,500"
078935	GS우	KOSPI	기타금융	"35,850"	0	0.00	"63,986,012,100"
012630	HDC	KOSPI	기타금융	"7,000"	60	0.86	"418,192,047,000"
039570	HDC랩스	KOSPI	건설업	"7,470"	0	0.00	"193,903,279,470"
089470	HDC현대EP	KOSPI	화학	"4,860"	55	1.14	"155,034,000,000"
294870	HDC현대산업개발	KOSPI	건설업	"14,720"	-240	-1.60	"970,155,897,600"
009540	HD한국조선해양	KOSPI	기타금융	"102,600"	-400	-0.39	"7,261,321,701,600"
267250	HD현대	KOSPI	기타금융	"60,900"	-100	-0.16	"4,810,678,876,500"
267270	HD현대건설기계	KOSPI	기계	"51,200"	"3,450"	7.23	"1,008,680,601,600"
322000	HD현대에너지솔루션	KOSPI	전기전자	"24,400"	100	0.41	"273,280,000,000"
042670	HD현대인프라코어	KOSPI	기계	"7,890"	180	2.33	"1,574,871,244,170"
267260	HD현대일렉트릭	KOSPI	전기전자	"84,100"	-500	-0.59	"3,031,564,053,500"
329180	HD현대중공업	KOSPI	운수장비	"121,800"	"-1,700"	-1.38	"10,812,565,528,800"
097230	HJ중공업	KOSPI	건설업	"4,100"	-50	-1.20	"341,424,552,100"
014790	HL D&I	KOSPI	건설업	"2,165"	10	0.46	"81,963,871,165"
003580	HLB글로벌	KOSPI	광업	"3,800"	55	1.47	"161,045,037,400"
204320	HL만도	KOSPI	운수장비	"36,300"	200	0.55	"1,704,543,456,000"
060980	HL홀딩스	KOSPI	기타금융	"33,150"	150	0.45	"337,115,941,500"
011200	HMM	KOSPI	운수창고업	"16,330"	140	0.86	"11,252,014,969,680"
082740	HSD엔진	KOSPI	기계	"9,200"	-320	-3.36	"658,204,744,800"
035000	HS애드	KOSPI	서비스업	"6,330"	-30	-0.47	"104,871,698,970"
003560	IHQ	KOSPI	서비스업	"3,585"	0	0.00	"57,908,659,155"
175330	JB금융지주	KOSPI	기타금융	"10,830"	-110	-1.01	"2,133,324,742,020"
234080	JW생명과학	KOSPI	의약품	"12,680"	50	0.40	"200,782,144,720"
001060	JW중외제약	KOSPI	의약품	"30,750"	600	1.99	"702,177,357,000"
001067	JW중외제약2우B	KOSPI	의약품	"62,700"	0	0.00	"12,910,933,200"
001065	JW중외제약우	KOSPI	의약품	"33,200"	400	1.22	"11,132,790,000"
096760	JW홀딩스	KOSPI	기타금융	"3,505"	85	2.49	"254,141,097,295"
105560	KB금융	KOSPI	기타금융	"54,300"	-200	-0.37	"21,910,651,209,600"
432320	KB스타리츠	KOSPI	서비스업	"3,650"	-10	-0.27	"370,162,140,250"
002380	KCC	KOSPI	화학	"225,000"	"-4,000"	-1.75	"1,999,455,975,000"
344820	KCC글라스	KOSPI	비금속광물	"41,300"	-350	-0.84	"659,582,145,600"
009070	KCTC	KOSPI	운수창고업	"3,950"	15	0.38	"118,500,000,000"
009440	KC그린홀딩스	KOSPI	기타금융	"3,695"	-115	-3.02	"82,897,251,100"
119650	KC코트렐	KOSPI	기계	"1,590"	-17	-1.06	"80,987,333,700"
092220	KEC	KOSPI	전기전자	"1,422"	-12	-0.84	"285,485,186,502"
003620	KG모빌리티	KOSPI	운수장비	"7,850"	10	0.13	"1,467,604,788,400"
016380	KG스틸	KOSPI	철강금속	"8,220"	50	0.61	"822,073,133,340"
001390	KG케미칼	KOSPI	화학	"6,630"	10	0.15	"453,949,735,200"
033180	KH 필룩스	KOSPI	전기전자	"1,326"	0	0.00	"84,294,994,836"
015590	KIB플러그에너지	KOSPI	기계	849	-78	-8.41	"201,154,880,856"
001940	KISCO홀딩스	KOSPI	철강금속	"21,800"	0	0.00	"352,645,084,000"
025000	KPX케미칼	KOSPI	화학	"44,500"	250	0.56	"215,380,000,000"
092230	KPX홀딩스	KOSPI	화학	"51,700"	200	0.39	"218,414,198,200"
000040	KR모터스	KOSPI	운수장비	527	4	0.76	"50,664,971,055"
044450	KSS해운	KOSPI	운수창고업	"8,390"	-100	-1.18	"193,690,533,200"
030200	KT	KOSPI	통신업	"33,150"	200	0.61	"8,548,084,194,000"
033780	KT&G	KOSPI	기타제조업	"90,600"	-900	-0.98	"12,124,318,228,200"
058850	KTcs	KOSPI	서비스업	"3,260"	-50	-1.51	"139,153,100,000"
058860	KTis	KOSPI	서비스업	"2,915"	-20	-0.68	"101,447,830,000"
093050	LF	KOSPI	섬유의복	"13,670"	-100	-0.73	"399,710,800,000"
003550	LG	KOSPI	기타금융	"83,400"	"-1,700"	-2.00	"13,118,902,816,200"
034220	LG디스플레이	KOSPI	전기전자	"13,050"	-370	-2.76	"4,669,494,885,000"
051900	LG생활건강	KOSPI	화학	"344,500"	500	0.15	"5,380,468,866,500"
051905	LG생활건강우	KOSPI	화학	"148,700"	200	0.13	"312,224,943,900"
373220	LG에너지솔루션	KOSPI	전기전자	"448,500"	"6,500"	1.47	"104,949,000,000,000"
003555	LG우	KOSPI	기타금융	"62,200"	-100	-0.16	"187,944,764,000"
032640	LG유플러스	KOSPI	통신업	"10,380"	20	0.19	"4,532,025,927,180"
011070	LG이노텍	KOSPI	전기전자	"243,000"	"-12,500"	-4.89	"5,751,107,001,000"
066570	LG전자	KOSPI	전기전자	"106,000"	"-1,600"	-1.49	"17,346,668,284,000"
066575	LG전자우	KOSPI	전기전자	"47,700"	-200	-0.42	"819,771,818,400"
037560	LG헬로비전	KOSPI	서비스업	"3,475"	70	2.06	"269,127,855,875"
051910	LG화학	KOSPI	화학	"519,000"	"15,000"	2.98	"36,637,426,017,000"
051915	LG화학우	KOSPI	화학	"311,000"	"6,500"	2.13	"2,391,216,800,000"
079550	LIG넥스원	KOSPI	기계	"93,500"	-300	-0.32	"2,057,000,000,000"
006260	LS	KOSPI	기타금융	"85,100"	-400	-0.47	"2,740,220,000,000"
010120	LS ELECTRIC	KOSPI	전기전자	"74,700"	-700	-0.93	"2,241,000,000,000"
000680	LS네트웍스	KOSPI	유통업	"4,250"	170	4.17	"334,912,818,000"
229640	LS전선아시아	KOSPI	기타금융	"12,120"	690	6.04	"371,173,533,480"
108320	LX세미콘	KOSPI	전기전자	"89,700"	"-3,100"	-3.34	"1,458,907,710,000"
001120	LX인터내셔널	KOSPI	유통업	"30,000"	-50	-0.17	"1,162,800,000,000"
108670	LX하우시스	KOSPI	화학	"43,850"	-350	-0.79	"393,232,329,500"
108675	LX하우시스우	KOSPI	화학	"20,300"	-300	-1.46	"20,956,299,000"
383800	LX홀딩스	KOSPI	기타금융	"7,290"	-20	-0.27	"556,086,230,100"
38380K	LX홀딩스1우	KOSPI	기타금융	"9,270"	60	0.65	"13,583,191,950"
023150	MH에탄올	KOSPI	음식료품	"6,910"	10	0.14	"50,985,614,660"
035420	NAVER	KOSPI	서비스업	"205,500"	"-2,000"	-0.96	"33,374,966,067,000"
181710	NHN	KOSPI	서비스업	"22,800"	0	0.00	"796,556,349,600"
400760	NH올원리츠	KOSPI	서비스업	"3,480"	-15	-0.43	"146,856,000,000"
005940	NH투자증권	KOSPI	증권	"10,420"	30	0.29	"3,455,958,896,820"
005945	NH투자증권우	KOSPI	증권	"9,900"	-10	-0.10	"186,822,583,200"
338100	NH프라임리츠	KOSPI	서비스업	"4,485"	10	0.22	"83,690,100,000"
034310	NICE	KOSPI	서비스업	"13,000"	-30	-0.23	"492,469,900,000"
030190	NICE평가정보	KOSPI	서비스업	"8,930"	130	1.48	"542,183,342,600"
008260	NI스틸	KOSPI	철강금속	"5,890"	-60	-1.01	"168,454,689,130"
004250	NPC	KOSPI	화학	"5,350"	-70	-1.29	"196,452,000,000"
004255	NPC우	KOSPI	화학	"2,705"	-20	-0.73	"14,282,400,000"
456040	OCI	KOSPI	화학	"112,400"	"-3,500"	-3.02	"835,888,339,600"
010060	OCI홀딩스	KOSPI	화학	"101,000"	800	0.80	"2,001,084,215,000"
178920	PI첨단소재	KOSPI	화학	"31,050"	"1,200"	4.02	"911,824,298,100"
005490	POSCO홀딩스	KOSPI	철강금속	"475,000"	"3,000"	0.64	"40,171,334,250,000"
010950	S-Oil	KOSPI	화학	"70,000"	-100	-0.14	"7,880,795,440,000"
010955	S-Oil우	KOSPI	화학	"49,400"	-150	-0.30	"198,683,193,800"
034120	SBS	KOSPI	서비스업	"26,000"	150	0.58	"474,567,132,000"
005090	SGC에너지	KOSPI	전기가스업	"27,600"	-300	-1.08	"397,697,590,800"
001380	SG글로벌	KOSPI	운수장비	"1,464"	6	0.41	"65,827,505,352"
004060	SG세계물산	KOSPI	유통업	421	-2	-0.47	"85,220,908,160"
001770	SHD	KOSPI	철강금속	"20,550"	-600	-2.84	"24,965,742,900"
002360	SH에너지화학	KOSPI	화학	684	-8	-1.16	"76,015,471,320"
009160	SIMPAC	KOSPI	철강금속	"3,685"	35	0.96	"241,107,766,460"
123700	SJM	KOSPI	운수장비	"3,590"	-30	-0.83	"56,021,583,820"
025530	SJM홀딩스	KOSPI	유통업	"3,470"	-35	-1.00	"51,821,007,760"
034730	SK	KOSPI	기타금융	"163,300"	-200	-0.12	"11,953,287,125,700"
011790	SKC	KOSPI	화학	"97,800"	"-4,100"	-4.02	"3,703,519,544,400"
018670	SK가스	KOSPI	유통업	"149,500"	300	0.20	"1,379,921,478,000"
001740	SK네트웍스	KOSPI	유통업	"5,760"	30	0.52	"1,358,082,806,400"
006120	SK디스커버리	KOSPI	기타금융	"40,550"	250	0.62	"771,985,020,250"
006125	SK디스커버리우	KOSPI	기타금융	"31,100"	100	0.32	"42,247,950,500"
210980	SK디앤디	KOSPI	서비스업	"29,800"	"1,000"	3.47	"661,266,887,200"
068400	SK렌터카	KOSPI	서비스업	"10,420"	50	0.48	"492,718,452,800"
395400	SK리츠	KOSPI	서비스업	"4,000"	-35	-0.87	"1,080,530,716,000"
302440	SK바이오사이언스	KOSPI	의약품	"68,500"	100	0.15	"5,259,707,151,000"
326030	SK바이오팜	KOSPI	서비스업	"90,400"	"1,000"	1.12	"7,079,517,800,000"
402340	SK스퀘어	KOSPI	기타금융	"49,000"	-50	-0.10	"6,810,070,764,000"
361610	SK아이이테크놀로지	KOSPI	전기전자	"70,200"	"1,100"	1.59	"5,005,090,958,400"
100090	SK오션플랜트	KOSPI	철강금속	"16,300"	320	2.00	"964,887,758,400"
03473K	SK우	KOSPI	기타금융	"131,000"	100	0.08	"74,163,685,000"
096770	SK이노베이션	KOSPI	화학	"142,700"	400	0.28	"14,363,548,982,800"
096775	SK이노베이션우	KOSPI	화학	"91,600"	-800	-0.87	"114,355,821,600"
001510	SK증권	KOSPI	증권	623	1	0.16	"294,423,676,533"
001515	SK증권우	KOSPI	증권	"2,085"	10	0.48	"8,157,591,690"
285130	SK케미칼	KOSPI	화학	"64,900"	200	0.31	"1,119,770,516,700"
28513K	SK케미칼우	KOSPI	화학	"29,400"	0	0.00	"62,193,612,600"
017670	SK텔레콤	KOSPI	통신업	"52,000"	0	0.00	"11,379,323,488,000"
000660	SK하이닉스	KOSPI	전기전자	"130,100"	"-1,200"	-0.91	"94,713,107,686,500"
003570	SNT다이내믹스	KOSPI	운수장비	"14,190"	30	0.21	"471,855,770,430"
064960	SNT모티브	KOSPI	운수장비	"43,700"	0	0.00	"639,031,043,200"
100840	SNT에너지	KOSPI	기계	"21,400"	-350	-1.61	"160,643,615,400"
036530	SNT홀딩스	KOSPI	기타금융	"17,050"	-250	-1.45	"277,981,256,300"
005610	SPC삼립	KOSPI	음식료품	"63,200"	-900	-1.40	"545,353,368,800"
011810	STX	KOSPI	유통업	"14,400"	"-1,050"	-6.80	"340,674,148,800"
465770	STX그린로지스	KOSPI	운수창고업	"12,150"	-410	-3.26	"87,128,038,800"
077970	STX엔진	KOSPI	기계	"11,750"	-110	-0.93	"270,354,622,000"
071970	STX중공업	KOSPI	기계	"10,230"	-100	-0.97	"292,093,803,870"
002820	SUN&L	KOSPI	종이목재	"2,565"	25	0.98	"32,339,491,785"
084870	TBH글로벌	KOSPI	섬유의복	"1,920"	4	0.21	"40,045,092,480"
002710	TCC스틸	KOSPI	철강금속	"54,500"	"2,600"	5.01	"1,428,646,486,500"
069260	TKG휴켐스	KOSPI	화학	"21,750"	-150	-0.68	"889,109,289,000"
002900	TYM	KOSPI	기계	"5,230"	-30	-0.57	"235,616,499,880"
024070	WISCOM	KOSPI	화학	"2,590"	20	0.78	"39,695,474,420"
037270	YG PLUS	KOSPI	서비스업	"4,570"	160	3.63	"289,872,403,700"
000500	가온전선	KOSPI	전기전자	"18,300"	550	3.10	"116,368,345,800"
000860	강남제비스코	KOSPI	화학	"20,700"	0	0.00	"134,550,000,000"
035250	강원랜드	KOSPI	서비스업	"15,700"	10	0.06	"3,358,865,850,000"
011420	갤럭시아에스엠	KOSPI	서비스업	"2,070"	114	5.83	"57,027,763,080"
002100	경농	KOSPI	화학	"11,200"	-270	-2.35	"218,652,840,000"
009450	경동나비엔	KOSPI	전기전자	"47,550"	-350	-0.73	"692,736,549,600"
267290	경동도시가스	KOSPI	전기가스업	"19,810"	-150	-0.75	"116,787,992,860"
012320	경동인베스트	KOSPI	기타금융	"70,900"	-300	-0.42	"167,680,130,700"
000050	경방	KOSPI	유통업	"8,500"	-20	-0.23	"233,029,795,000"
214390	경보제약	KOSPI	의약품	"9,430"	"-1,520"	-13.88	"225,441,689,800"
012610	경인양행	KOSPI	화학	"3,735"	10	0.27	"155,437,123,275"
009140	경인전자	KOSPI	전기전자	"21,550"	-200	-0.92	"33,850,675,350"
013580	계룡건설	KOSPI	건설업	"14,500"	-170	-1.16	"129,498,151,500"
012200	계양전기	KOSPI	기계	"1,935"	3	0.16	"52,676,174,115"
012205	계양전기우	KOSPI	기계	"4,100"	0	0.00	"4,793,223,900"
002140	고려산업	KOSPI	음식료품	"3,190"	-50	-1.54	"79,556,765,750"
010130	고려아연	KOSPI	철강금속	"491,500"	"-5,500"	-1.11	"10,276,571,002,000"
002240	고려제강	KOSPI	철강금속	"19,450"	-130	-0.66	"486,250,000,000"
009290	광동제약	KOSPI	의약품	"7,160"	210	3.02	"375,333,293,160"
017040	광명전기	KOSPI	전기전자	"2,280"	35	1.56	"98,809,762,200"
017900	광전자	KOSPI	전기전자	"2,060"	-15	-0.72	"119,364,151,780"
037710	광주신세계	KOSPI	유통업	"30,950"	200	0.65	"246,275,030,500"
030610	교보증권	KOSPI	증권	"4,990"	0	0.00	"568,675,175,390"
339770	교촌에프앤비	KOSPI	유통업	"7,550"	-80	-1.05	"188,618,177,000"
007690	국도화학	KOSPI	화학	"39,900"	-150	-0.37	"359,523,578,400"
005320	국동	KOSPI	유통업	741	8	1.09	"42,512,300,025"
001140	국보	KOSPI	운수창고업	"3,285"	100	3.14	"41,357,391,165"
002720	국제약품	KOSPI	의약품	"4,920"	265	5.69	"104,106,373,440"
083420	그린케미칼	KOSPI	화학	"7,060"	-150	-2.08	"169,440,000,000"
014530	극동유화	KOSPI	화학	"4,900"	-170	-3.35	"170,860,158,000"
014280	금강공업	KOSPI	철강금속	"5,680"	-60	-1.05	"166,590,747,760"
014285	금강공업우	KOSPI	철강금속	"9,510"	-30	-0.31	"5,609,711,250"
008870	금비	KOSPI	비금속광물	"86,000"	"-1,200"	-1.38	"86,000,000,000"
001570	금양	KOSPI	화학	"99,900"	"3,100"	3.20	"5,799,198,696,300"
002990	금호건설	KOSPI	건설업	"5,450"	-40	-0.73	"201,397,092,750"
002995	금호건설우	KOSPI	건설업	"14,510"	-490	-3.27	"4,240,779,660"
011780	금호석유	KOSPI	화학	"130,100"	-200	-0.15	"3,714,053,037,900"
011785	금호석유우	KOSPI	화학	"63,400"	500	0.79	"191,689,012,400"
214330	금호에이치티	KOSPI	운수장비	704	-17	-2.36	"138,086,012,416"
001210	금호전기	KOSPI	전기전자	846	-4	-0.47	"31,338,388,998"
073240	금호타이어	KOSPI	화학	"5,660"	-110	-1.91	"1,625,893,224,420"
092440	기신정기	KOSPI	기계	"3,045"	5	0.16	"88,914,000,000"
000270	기아	KOSPI	운수장비	"84,500"	"1,400"	1.68	"33,972,735,153,500"
024110	기업은행	KOSPI	은행	"11,670"	-10	-0.09	"9,305,959,891,230"
013700	까뮤이앤씨	KOSPI	건설업	"1,636"	16	0.99	"73,869,130,080"
004540	깨끗한나라	KOSPI	종이목재	"2,035"	80	4.09	"75,784,810,255"
004545	깨끗한나라우	KOSPI	종이목재	"12,970"	220	1.73	"4,749,095,200"
001260	남광토건	KOSPI	건설업	"8,100"	60	0.75	"79,643,833,200"
008350	남선알미늄	KOSPI	철강금속	"2,090"	-20	-0.95	"269,775,298,100"
008355	남선알미우	KOSPI	철강금속	"21,600"	-350	-1.59	"6,650,424,000"
004270	남성	KOSPI	유통업	"2,150"	-50	-2.27	"77,856,144,000"
003920	남양유업	KOSPI	음식료품	"474,000"	-500	-0.11	"341,280,000,000"
003925	남양유업우	KOSPI	음식료품	"251,500"	0	0.00	"50,300,000,000"
025860	남해화학	KOSPI	화학	"7,310"	-40	-0.54	"363,152,342,330"
005720	넥센	KOSPI	화학	"4,205"	-5	-0.12	"225,152,423,285"
005725	넥센우	KOSPI	화학	"2,890"	5	0.17	"10,405,734,000"
002350	넥센타이어	KOSPI	화학	"8,370"	-150	-1.76	"817,480,130,490"
002355	넥센타이어1우B	KOSPI	화학	"3,030"	-55	-1.78	"19,695,000,000"
092790	넥스틸	KOSPI	철강금속	"9,120"	-110	-1.19	"237,138,240,000"
251270	넷마블	KOSPI	서비스업	"54,300"	"1,600"	3.04	"4,667,275,158,600"
090350	노루페인트	KOSPI	화학	"10,060"	0	0.00	"201,200,000,000"
090355	노루페인트우	KOSPI	화학	"19,850"	-850	-4.11	"9,193,051,100"
000320	노루홀딩스	KOSPI	기타금융	"12,500"	180	1.46	"166,139,387,500"
000325	노루홀딩스우	KOSPI	기타금융	"61,600"	800	1.32	"15,003,234,400"
006280	녹십자	KOSPI	의약품	"117,000"	"1,800"	1.56	"1,367,324,946,000"
005250	녹십자홀딩스	KOSPI	서비스업	"15,220"	70	0.46	"715,769,356,200"
005257	녹십자홀딩스2우	KOSPI	서비스업	"32,300"	0	0.00	"27,325,477,000"
004370	농심	KOSPI	음식료품	"426,000"	"8,000"	1.91	"2,591,205,492,000"
072710	농심홀딩스	KOSPI	기타금융	"65,900"	800	1.23	"305,630,361,000"
058730	다스코	KOSPI	기계	"4,475"	-55	-1.21	"86,801,310,975"
030210	다올투자증권	KOSPI	증권	"4,425"	60	1.37	"269,531,644,050"
023590	다우기술	KOSPI	서비스업	"17,780"	10	0.06	"797,728,450,260"
145210	다이나믹디자인	KOSPI	기계	"3,565"	-45	-1.25	"61,678,396,545"
019680	대교	KOSPI	서비스업	"2,640"	125	4.97	"223,615,524,000"
019685	대교우B	KOSPI	서비스업	"1,387"	22	1.61	"26,945,235,130"
006370	대구백화점	KOSPI	유통업	"12,660"	540	4.46	"137,001,595,260"
008060	대덕	KOSPI	기타금융	"6,380"	-50	-0.78	"216,219,157,000"
00806K	대덕1우	KOSPI	기타금융	"8,280"	-10	-0.12	"10,038,315,960"
353200	대덕전자	KOSPI	전기전자	"24,600"	"-1,600"	-6.11	"1,215,656,355,000"
35320K	대덕전자1우	KOSPI	전기전자	"9,380"	-180	-1.88	"19,655,968,220"
000490	대동	KOSPI	기계	"13,560"	-10	-0.07	"343,733,267,160"
008110	대동전자	KOSPI	전기전자	"7,600"	-90	-1.17	"79,727,397,200"
005750	대림B&Co	KOSPI	비금속광물	"3,870"	-10	-0.26	"64,521,568,800"
006570	대림통상	KOSPI	기계	"2,985"	-5	-0.17	"45,446,625,000"
001680	대상	KOSPI	음식료품	"20,400"	-100	-0.49	"706,819,710,000"
001685	대상우	KOSPI	음식료품	"14,360"	0	0.00	"19,676,402,280"
084690	대상홀딩스	KOSPI	기타금융	"6,830"	-40	-0.58	"247,331,634,540"
084695	대상홀딩스우	KOSPI	기타금융	"7,610"	-160	-2.06	"6,951,598,020"
128820	대성산업	KOSPI	유통업	"3,465"	-15	-0.43	"156,740,931,270"
117580	대성에너지	KOSPI	전기가스업	"7,920"	-20	-0.25	"217,800,000,000"
016710	대성홀딩스	KOSPI	서비스업	"10,030"	30	0.30	"161,377,273,770"
003540	대신증권	KOSPI	증권	"14,530"	0	0.00	"737,737,502,000"
003547	대신증권2우B	KOSPI	증권	"13,120"	10	0.08	"131,200,000,000"
003545	대신증권우	KOSPI	증권	"13,770"	-10	-0.07	"358,020,000,000"
009190	대양금속	KOSPI	철강금속	"1,272"	52	4.26	"47,950,730,280"
014160	대영포장	KOSPI	종이목재	"1,120"	-11	-0.97	"121,401,894,880"
047040	대우건설	KOSPI	건설업	"4,495"	-20	-0.44	"1,868,223,757,810"
009320	대우부품	KOSPI	운수장비	"1,420"	5	0.35	"70,005,673,400"
003090	대웅	KOSPI	의약품	"16,850"	230	1.38	"979,692,363,000"
069620	대웅제약	KOSPI	의약품	"111,000"	900	0.82	"1,286,109,825,000"
000430	대원강업	KOSPI	운수장비	"5,370"	0	0.00	"332,940,000,000"
006340	대원전선	KOSPI	전기전자	"1,136"	4	0.35	"81,751,710,624"
006345	대원전선우	KOSPI	전기전자	"2,285"	55	2.47	"5,989,442,000"
003220	대원제약	KOSPI	의약품	"16,670"	-80	-0.48	"366,151,048,900"
024890	대원화성	KOSPI	화학	"2,010"	-35	-1.71	"82,910,795,520"
002880	대유에이텍	KOSPI	운수장비	384	-16	-4.00	"44,617,304,832"
000300	대유플러스	KOSPI	전기전자	331	-13	-3.78	"41,856,574,879"
012800	대창	KOSPI	철강금속	"1,240"	3	0.24	"113,014,218,760"
015230	대창단조	KOSPI	운수장비	"6,200"	40	0.65	"177,147,826,000"
001070	대한방직	KOSPI	섬유의복	"8,200"	-60	-0.73	"43,460,000,000"
006650	대한유화	KOSPI	화학	"157,800"	"-4,000"	-2.47	"1,025,700,000,000"
001440	대한전선	KOSPI	전기전자	"11,930"	-40	-0.33	"1,484,656,289,000"
084010	대한제강	KOSPI	철강금속	"13,560"	-130	-0.95	"317,499,223,320"
001790	대한제당	KOSPI	음식료품	"3,090"	-10	-0.32	"277,162,432,200"
001795	대한제당우	KOSPI	음식료품	"2,650"	-5	-0.19	"17,179,314,000"
001130	대한제분	KOSPI	음식료품	"127,300"	"-1,100"	-0.86	"215,137,000,000"
003490	대한항공	KOSPI	운수창고업	"22,800"	450	2.01	"8,395,431,070,800"
003495	대한항공우	KOSPI	운수창고업	"23,850"	50	0.21	"26,492,436,900"
005880	대한해운	KOSPI	운수창고업	"1,760"	-36	-2.00	"561,752,329,600"
003830	대한화섬	KOSPI	화학	"100,600"	"-1,000"	-0.98	"133,596,800,000"
016090	대현	KOSPI	섬유의복	"2,095"	0	0.00	"92,771,439,450"
069460	대호에이엘	KOSPI	철강금속	"1,240"	-30	-2.36	"82,168,640,920"
192080	더블유게임즈	KOSPI	서비스업	"46,600"	300	0.65	"847,689,276,200"
012510	더존비즈온	KOSPI	서비스업	"28,800"	-150	-0.52	"875,024,179,200"
004830	덕성	KOSPI	화학	"8,120"	"1,430"	21.38	"127,321,600,000"
004835	덕성우	KOSPI	화학	"8,110"	"1,870"	29.97	"11,289,120,000"
024900	덕양산업	KOSPI	운수장비	"4,210"	-95	-2.21	"137,098,565,800"
145720	덴티움	KOSPI	의료정밀	"119,800"	"-2,100"	-1.72	"1,326,045,834,000"
002150	도화엔지니어링	KOSPI	서비스업	"8,050"	-50	-0.62	"271,446,000,000"
460850	동국씨엠	KOSPI	철강금속	"7,250"	10	0.14	"216,765,256,000"
460860	동국제강	KOSPI	철강금속	"11,250"	-20	-0.18	"558,090,191,250"
001230	동국홀딩스	KOSPI	철강금속	"9,420"	220	2.39	"299,560,549,860"
023450	동남합성	KOSPI	화학	"34,450"	0	0.00	"120,575,000,000"
004140	동방	KOSPI	운수창고업	"2,015"	-5	-0.25	"96,663,108,490"
007590	동방아그로	KOSPI	화학	"6,330"	10	0.16	"86,199,262,410"
005960	동부건설	KOSPI	건설업	"6,140"	10	0.16	"140,451,658,820"
005965	동부건설우	KOSPI	건설업	"26,150"	350	1.36	"5,902,891,800"
026960	동서	KOSPI	유통업	"18,170"	20	0.11	"1,811,549,000,000"
002210	동성제약	KOSPI	의약품	"6,320"	30	0.48	"164,958,130,400"
102260	동성케미컬	KOSPI	서비스업	"4,380"	-25	-0.57	"217,641,008,640"
000640	동아쏘시오홀딩스	KOSPI	기타금융	"92,000"	500	0.55	"584,099,996,000"
170900	동아에스티	KOSPI	의약품	"58,600"	"1,300"	2.27	"504,836,949,000"
028100	동아지질	KOSPI	건설업	"13,620"	-210	-1.52	"191,397,038,520"
282690	동아타이어	KOSPI	화학	"12,090"	-40	-0.33	"166,032,151,350"
001520	동양	KOSPI	비금속광물	"1,047"	-8	-0.76	"249,902,213,961"
001527	동양2우B	KOSPI	비금속광물	"11,440"	"-2,830"	-19.83	"3,530,029,360"
084670	동양고속	KOSPI	운수창고업	"13,110"	-60	-0.46	"37,960,909,590"
082640	동양생명	KOSPI	보험	"4,780"	165	3.58	"771,294,036,300"
001525	동양우	KOSPI	비금속광물	"5,630"	"-1,360"	-19.46	"3,477,825,530"
008970	동양철관	KOSPI	철강금속	795	10	1.27	"94,513,805,550"
092780	동양피스톤	KOSPI	운수장비	"5,320"	-40	-0.75	"70,056,207,200"
049770	동원F&B	KOSPI	음식료품	"31,500"	-200	-0.63	"607,812,030,000"
018500	동원금속	KOSPI	운수장비	"1,615"	-24	-1.46	"75,509,216,795"
006040	동원산업	KOSPI	기타금융	"32,550"	-500	-1.51	"1,513,010,745,750"
030720	동원수산	KOSPI	"농업, 임업 및 어업"	"7,070"	150	2.17	"32,902,401,350"
014820	동원시스템즈	KOSPI	화학	"31,700"	-150	-0.47	"919,023,639,400"
014825	동원시스템즈우	KOSPI	화학	"23,950"	200	0.84	"6,325,458,450"
111380	동인기연	KOSPI	기타제조업	"28,350"	-950	-3.24	"173,728,800,000"
163560	동일고무벨트	KOSPI	화학	"6,280"	-10	-0.16	"87,292,000,000"
004890	동일산업	KOSPI	철강금속	"46,750"	-650	-1.37	"113,378,801,250"
002690	동일제강	KOSPI	철강금속	"1,913"	9	0.47	"38,834,588,680"
000020	동화약품	KOSPI	의약품	"9,730"	80	0.83	"271,773,203,100"
000150	두산	KOSPI	기타금융	"85,000"	400	0.47	"1,404,525,975,000"
000157	두산2우B	KOSPI	기타금융	"70,300"	500	0.72	"62,780,571,400"
454910	두산로보틱스	KOSPI	기계	"64,300"	700	1.10	"4,167,924,714,000"
241560	두산밥캣	KOSPI	기계	"43,950"	700	1.62	"4,405,950,845,700"
034020	두산에너빌리티	KOSPI	기계	"14,940"	330	2.26	"9,569,983,521,240"
000155	두산우	KOSPI	기타금융	"51,700"	0	0.00	"206,617,085,400"
336260	두산퓨얼셀	KOSPI	전기전자	"20,800"	50	0.24	"1,362,269,500,800"
33626K	두산퓨얼셀1우	KOSPI	전기전자	"6,610"	-20	-0.30	"88,337,362,000"
33626L	두산퓨얼셀2우B	KOSPI	전기전자	"9,080"	30	0.33	"27,115,604,000"
016740	두올	KOSPI	운수장비	"3,290"	-20	-0.60	"108,789,377,200"
192650	드림텍	KOSPI	전기전자	"12,130"	340	2.88	"832,353,649,510"
024090	디씨엠	KOSPI	철강금속	"11,080"	30	0.27	"126,312,000,000"
003160	디아이	KOSPI	의료정밀	"6,070"	-120	-1.94	"171,781,000,000"
092200	디아이씨	KOSPI	운수장비	"5,180"	-80	-1.52	"201,442,787,420"
377190	디앤디플랫폼리츠	KOSPI	서비스업	"3,085"	-35	-1.12	"198,674,000,000"
013570	디와이	KOSPI	기타금융	"5,920"	-30	-0.50	"155,812,227,360"
210540	디와이파워	KOSPI	기계	"12,660"	160	1.28	"139,788,023,280"
115390	락앤락	KOSPI	화학	"5,930"	10	0.17	"256,925,617,230"
032350	롯데관광개발	KOSPI	서비스업	"10,460"	-40	-0.38	"792,049,410,860"
089860	롯데렌탈	KOSPI	서비스업	"26,450"	-200	-0.75	"968,970,966,350"
330590	롯데리츠	KOSPI	서비스업	"3,230"	0	0.00	"784,789,495,320"
000400	롯데손해보험	KOSPI	보험	"2,375"	5	0.21	"737,048,760,000"
023530	롯데쇼핑	KOSPI	유통업	"79,600"	-100	-0.13	"2,251,784,898,000"
020150	롯데에너지머티리얼즈	KOSPI	전기전자	"44,100"	"-1,000"	-2.22	"2,033,487,823,500"
280360	롯데웰푸드	KOSPI	음식료품	"133,200"	"4,200"	3.26	"1,256,685,256,800"
004000	롯데정밀화학	KOSPI	화학	"58,600"	100	0.17	"1,511,880,000,000"
286940	롯데정보통신	KOSPI	서비스업	"28,200"	250	0.89	"434,176,534,200"
004990	롯데지주	KOSPI	기타금융	"29,300"	250	0.86	"3,073,840,644,100"
00499K	롯데지주우	KOSPI	기타금융	"35,400"	-150	-0.42	"28,518,346,200"
005300	롯데칠성	KOSPI	음식료품	"152,600"	"-2,600"	-1.68	"1,415,957,698,400"
005305	롯데칠성우	KOSPI	음식료품	"69,700"	-400	-0.57	"54,039,107,000"
011170	롯데케미칼	KOSPI	화학	"154,700"	-900	-0.58	"6,617,357,319,300"
071840	롯데하이마트	KOSPI	유통업	"10,460"	-40	-0.38	"246,936,667,520"
027740	마니커	KOSPI	음식료품	"1,088"	3	0.28	"69,100,216,064"
357430	마스턴프리미어리츠	KOSPI	서비스업	"2,595"	0	0.00	"68,975,100,000"
001080	만호제강	KOSPI	철강금속	"47,150"	0	0.00	"195,672,500,000"
088980	맥쿼리인프라	KOSPI	기타금융	"12,400"	-50	-0.40	"5,403,688,802,000"
094800	맵스리얼티1	KOSPI	기타금융	"4,015"	-40	-0.99	"372,729,838,965"
138040	메리츠금융지주	KOSPI	기타금융	"55,700"	0	0.00	"11,597,734,690,600"
090370	메타랩스	KOSPI	섬유의복	"2,295"	-55	-2.34	"57,156,261,255"
017180	명문제약	KOSPI	의약품	"2,260"	-30	-1.31	"76,734,806,040"
009900	명신산업	KOSPI	운수장비	"19,450"	50	0.26	"1,020,544,086,850"
012690	모나리자	KOSPI	종이목재	"2,610"	5	0.19	"95,450,975,550"
005360	모나미	KOSPI	유통업	"2,910"	-45	-1.52	"54,991,163,370"
204210	모두투어리츠	KOSPI	서비스업	"7,290"	880	13.73	"57,057,481,350"
009680	모토닉	KOSPI	운수장비	"8,630"	50	0.58	"284,790,000,000"
009580	무림P&P	KOSPI	종이목재	"3,155"	-10	-0.32	"196,772,062,220"
009200	무림페이퍼	KOSPI	종이목재	"2,160"	0	0.00	"89,876,109,600"
033920	무학	KOSPI	음식료품	"5,470"	-20	-0.36	"155,895,000,000"
008420	문배철강	KOSPI	철강금속	"3,095"	-5	-0.16	"63,458,347,975"
025560	미래산업	KOSPI	의료정밀	"2,870"	-60	-2.05	"87,333,439,900"
007120	미래아이앤지	KOSPI	서비스업	"1,193"	-20	-1.65	"33,265,115,712"
396690	미래에셋글로벌리츠	KOSPI	서비스업	"2,510"	80	3.29	"72,940,600,000"
357250	미래에셋맵스리츠	KOSPI	서비스업	"3,035"	25	0.83	"61,003,500,000"
085620	미래에셋생명	KOSPI	보험	"5,370"	130	2.48	"950,576,934,930"
006800	미래에셋증권	KOSPI	증권	"7,340"	-10	-0.14	"4,443,022,434,720"
00680K	미래에셋증권2우B	KOSPI	증권	"3,660"	30	0.83	"512,400,000,000"
006805	미래에셋증권우	KOSPI	증권	"3,975"	50	1.27	"55,951,106,250"
002840	미원상사	KOSPI	화학	"163,300"	-100	-0.06	"792,005,000,000"
268280	미원에스씨	KOSPI	화학	"136,000"	-700	-0.51	"680,000,000,000"
107590	미원홀딩스	KOSPI	기타금융	"81,100"	"-1,200"	-1.46	"188,152,000,000"
134380	미원화학	KOSPI	화학	"67,900"	-400	-0.59	"149,330,297,200"
003650	미창석유	KOSPI	화학	"75,800"	100	0.13	"131,867,137,600"
155900	바다로19호	KOSPI	서비스업	"3,130"	0	0.00	"47,576,012,520"
377740	바이오노트	KOSPI	의약품	"4,200"	55	1.33	"428,635,401,600"
003610	방림	KOSPI	섬유의복	"2,000"	-10	-0.50	"84,628,180,000"
001340	백광산업	KOSPI	화학	"7,790"	0	0.00	"349,914,390,530"
035150	백산	KOSPI	화학	"9,070"	-50	-0.55	"204,075,000,000"
002410	범양건영	KOSPI	건설업	"2,095"	-5	-0.24	"52,023,002,290"
007210	벽산	KOSPI	비금속광물	"2,970"	110	3.85	"203,623,200,000"
002760	보락	KOSPI	화학	"1,279"	0	0.00	"76,612,100,000"
003850	보령	KOSPI	의약품	"10,570"	470	4.65	"726,053,300,000"
000890	보해양조	KOSPI	음식료품	542	-8	-1.45	"75,403,109,918"
003000	부광약품	KOSPI	의약품	"6,060"	10	0.17	"430,642,076,940"
001270	부국증권	KOSPI	증권	"22,350"	50	0.22	"231,766,952,100"
001275	부국증권우	KOSPI	증권	"19,400"	10	0.05	"58,200,000,000"
026940	부국철강	KOSPI	철강금속	"3,645"	-35	-0.95	"72,900,000,000"
011390	부산산업	KOSPI	비금속광물	"66,200"	500	0.76	"69,907,200,000"
005030	부산주공	KOSPI	운수장비	486	0	0.00	"38,288,532,168"
002070	비비안	KOSPI	섬유의복	"1,273"	4	0.32	"37,927,749,270"
100220	비상교육	KOSPI	서비스업	"5,670"	520	10.10	"73,691,521,470"
090460	비에이치	KOSPI	전기전자	"20,600"	-350	-1.67	"709,966,207,400"
030790	비케이탑스	KOSPI	서비스업	904	0	0.00	"19,208,323,080"
005180	빙그레	KOSPI	음식료품	"57,400"	0	0.00	"565,461,233,400"
003960	사조대림	KOSPI	음식료품	"32,750"	"1,100"	3.48	"300,136,294,250"
008040	사조동아원	KOSPI	음식료품	938	4	0.43	"132,393,634,800"
007160	사조산업	KOSPI	"농업, 임업 및 어업"	"39,750"	50	0.13	"198,750,000,000"
014710	사조씨푸드	KOSPI	음식료품	"3,690"	-10	-0.27	"63,536,423,670"
006090	사조오양	KOSPI	음식료품	"8,610"	190	2.26	"81,129,782,790"
001470	삼부토건	KOSPI	건설업	"2,460"	30	1.23	"502,477,764,840"
448730	삼성FN리츠	KOSPI	서비스업	"5,030"	10	0.20	"388,819,000,000"
006400	삼성SDI	KOSPI	전기전자	"475,000"	"3,500"	0.74	"32,663,151,750,000"
006405	삼성SDI우	KOSPI	전기전자	"244,500"	"1,000"	0.41	"395,575,572,000"
006660	삼성공조	KOSPI	운수장비	"9,080"	10	0.11	"73,786,931,120"
028260	삼성물산	KOSPI	유통업	"118,400"	200	0.17	"21,974,053,728,000"
02826K	삼성물산우B	KOSPI	유통업	"88,200"	300	0.34	"143,538,885,000"
207940	삼성바이오로직스	KOSPI	의약품	"721,000"	0	0.00	"51,316,454,000,000"
032830	삼성생명	KOSPI	보험	"70,300"	700	1.01	"14,060,000,000,000"
018260	삼성에스디에스	KOSPI	서비스업	"147,300"	900	0.61	"11,397,749,940,000"
028050	삼성엔지니어링	KOSPI	서비스업	"26,050"	-100	-0.38	"5,105,800,000,000"
009150	삼성전기	KOSPI	전기전자	"138,200"	200	0.14	"10,322,668,787,200"
009155	삼성전기우	KOSPI	전기전자	"65,700"	200	0.31	"190,988,848,800"
005930	삼성전자	KOSPI	전기전자	"72,400"	-400	-0.55	"432,212,256,620,000"
005935	삼성전자우	KOSPI	전기전자	"57,400"	500	0.88	"47,233,696,580,000"
001360	삼성제약	KOSPI	의약품	"2,385"	15	0.63	"160,181,558,415"
010140	삼성중공업	KOSPI	운수장비	"7,890"	-70	-0.88	"6,943,200,000,000"
016360	삼성증권	KOSPI	증권	"38,800"	100	0.26	"3,464,840,000,000"
068290	삼성출판사	KOSPI	서비스업	"15,950"	310	1.98	"159,500,000,000"
029780	삼성카드	KOSPI	기타금융	"33,050"	50	0.15	"3,829,136,347,550"
000810	삼성화재	KOSPI	보험	"262,000"	"8,000"	3.15	"12,412,207,294,000"
000815	삼성화재우	KOSPI	보험	"187,200"	"1,400"	0.75	"597,542,400,000"
006110	삼아알미늄	KOSPI	철강금속	"119,100"	200	0.17	"1,752,189,195,600"
145990	삼양사	KOSPI	음식료품	"43,800"	-500	-1.13	"451,729,066,200"
145995	삼양사우	KOSPI	음식료품	"25,100"	150	0.60	"9,288,757,000"
003230	삼양식품	KOSPI	음식료품	"215,000"	"13,500"	6.70	"1,619,598,225,000"
002170	삼양통상	KOSPI	기타제조업	"46,650"	-250	-0.53	"139,950,000,000"
272550	삼양패키징	KOSPI	화학	"16,030"	100	0.63	"253,092,396,130"
000070	삼양홀딩스	KOSPI	기타금융	"68,600"	"-1,900"	-2.70	"587,508,990,600"
000075	삼양홀딩스우	KOSPI	기타금융	"53,000"	-300	-0.56	"16,115,074,000"
003720	삼영	KOSPI	화학	"5,110"	-170	-3.22	"173,740,000,000"
002810	삼영무역	KOSPI	유통업	"12,650"	60	0.48	"233,606,892,200"
005680	삼영전자	KOSPI	전기전자	"8,100"	-70	-0.86	"162,000,000,000"
023000	삼원강재	KOSPI	운수장비	"3,020"	-10	-0.33	"120,800,000,000"
004380	삼익THK	KOSPI	기계	"10,610"	-50	-0.47	"222,810,000,000"
002450	삼익악기	KOSPI	기타제조업	"1,086"	0	0.00	"98,316,573,690"
004440	삼일씨엔에스	KOSPI	비금속광물	"4,770"	-90	-1.85	"60,731,387,190"
000520	삼일제약	KOSPI	의약품	"6,150"	10	0.16	"93,644,733,900"
009770	삼정펄프	KOSPI	종이목재	"24,950"	-50	-0.20	"62,374,276,450"
005500	삼진제약	KOSPI	의약품	"22,050"	0	0.00	"306,495,000,000"
004690	삼천리	KOSPI	전기가스업	"97,700"	-200	-0.20	"396,175,942,500"
010960	삼호개발	KOSPI	건설업	"3,430"	-15	-0.44	"85,750,000,000"
004450	삼화왕관	KOSPI	기계	"32,800"	-350	-1.06	"70,663,631,200"
009470	삼화전기	KOSPI	전기전자	"15,230"	-20	-0.13	"100,728,478,600"
011230	삼화전자	KOSPI	전기전자	"3,600"	-20	-0.55	"43,569,720,000"
001820	삼화콘덴서	KOSPI	전기전자	"37,600"	"1,100"	3.01	"390,852,000,000"
000390	삼화페인트	KOSPI	화학	"6,690"	130	1.98	"181,991,207,610"
001290	상상인증권	KOSPI	증권	767	4	0.52	"83,094,571,040"
041650	상신브레이크	KOSPI	운수장비	"3,490"	-50	-1.41	"74,935,360,500"
075180	새론오토모티브	KOSPI	운수장비	"3,865"	-60	-1.53	"74,208,000,000"
007540	샘표	KOSPI	기타금융	"48,500"	50	0.10	"139,476,300,000"
248170	샘표식품	KOSPI	음식료품	"27,100"	-150	-0.55	"123,800,550,600"
007860	서연	KOSPI	기타금융	"8,290"	120	1.47	"194,647,906,760"
200880	서연이화	KOSPI	운수장비	"16,400"	-430	-2.55	"443,266,366,800"
017390	서울가스	KOSPI	전기가스업	"61,100"	100	0.16	"305,500,000,000"
004410	서울식품	KOSPI	음식료품	184	1	0.55	"68,955,022,856"
004415	서울식품우	KOSPI	음식료품	"1,877"	51	2.79	"4,175,386,500"
021050	서원	KOSPI	철강금속	"1,381"	7	0.51	"65,562,408,790"
008490	서흥	KOSPI	화학	"27,350"	50	0.18	"316,415,240,550"
007610	선도전기	KOSPI	전기전자	"3,000"	0	0.00	"54,000,000,000"
136490	선진	KOSPI	음식료품	"7,000"	-80	-1.13	"166,457,228,000"
014910	성문전자	KOSPI	전기전자	"1,507"	13	0.87	"33,848,704,395"
014915	성문전자우	KOSPI	전기전자	"6,850"	-320	-4.46	"4,110,000,000"
003080	성보화학	KOSPI	화학	"3,005"	5	0.17	"60,160,100,000"
004980	성신양회	KOSPI	비금속광물	"8,690"	-60	-0.69	"213,044,674,370"
004985	성신양회우	KOSPI	비금속광물	"12,500"	-320	-2.50	"9,195,562,500"
011300	성안	KOSPI	섬유의복	"1,605"	-36	-2.19	"108,098,430,435"
000180	성창기업지주	KOSPI	서비스업	"1,838"	-21	-1.13	"128,203,440,800"
002420	세기상사	KOSPI	유통업	"6,830"	-40	-0.58	"37,966,931,840"
004360	세방	KOSPI	운수창고업	"11,600"	-110	-0.94	"223,980,804,000"
004365	세방우	KOSPI	운수창고업	"7,050"	30	0.43	"26,009,212,500"
004490	세방전지	KOSPI	전기전자	"53,700"	-200	-0.37	"751,800,000,000"
001430	세아베스틸지주	KOSPI	철강금속	"25,800"	550	2.18	"925,242,670,200"
306200	세아제강	KOSPI	철강금속	"132,500"	-100	-0.08	"375,809,750,000"
003030	세아제강지주	KOSPI	기타금융	"192,600"	"-2,100"	-1.08	"797,683,138,200"
019440	세아특수강	KOSPI	철강금속	"14,270"	-110	-0.76	"122,293,900,000"
058650	세아홀딩스	KOSPI	철강금속	"108,500"	"1,000"	0.93	"434,000,000,000"
013000	세우글로벌	KOSPI	유통업	"1,339"	0	0.00	"38,436,036,509"
091090	세원이앤씨	KOSPI	기계	"1,270"	0	0.00	"54,838,923,850"
021820	세원정공	KOSPI	운수장비	"6,710"	60	0.90	"67,100,000,000"
067830	세이브존I&C	KOSPI	유통업	"2,365"	0	0.00	"97,061,716,675"
033530	세종공업	KOSPI	운수장비	"5,600"	60	1.08	"155,797,381,600"
075580	세진중공업	KOSPI	운수장비	"4,460"	-75	-1.65	"253,548,573,760"
068270	셀트리온	KOSPI	의약품	"172,900"	600	0.35	"25,313,038,933,000"
336370	솔루스첨단소재	KOSPI	전기전자	"23,950"	-150	-0.62	"840,913,120,250"
33637K	솔루스첨단소재1우	KOSPI	전기전자	"5,220"	-30	-0.57	"44,136,243,180"
33637L	솔루스첨단소재2우B	KOSPI	전기전자	"7,260"	-90	-1.22	"13,716,681,000"
248070	솔루엠	KOSPI	전기전자	"28,500"	150	0.53	"1,425,158,203,500"
004430	송원산업	KOSPI	화학	"18,870"	-120	-0.63	"452,880,000,000"
126720	수산인더스트리	KOSPI	건설업	"19,180"	130	0.68	"274,005,480,000"
017550	수산중공업	KOSPI	기계	"2,060"	5	0.24	"128,542,207,800"
053210	스카이라이프	KOSPI	서비스업	"6,100"	190	3.21	"291,713,992,600"
026890	스틱인베스트먼트	KOSPI	기타금융	"6,400"	10	0.16	"266,740,320,000"
134790	시디즈	KOSPI	기타제조업	"28,150"	0	0.00	"56,300,000,000"
016590	신대양제지	KOSPI	종이목재	"5,620"	-50	-0.88	"226,473,748,400"
029530	신도리코	KOSPI	전기전자	"33,500"	-50	-0.15	"337,680,971,500"
004970	신라교역	KOSPI	"농업, 임업 및 어업"	"8,970"	-10	-0.11	"143,520,000,000"
011930	신성이엔지	KOSPI	전기전자	"1,926"	-29	-1.48	"396,463,538,826"
005390	신성통상	KOSPI	유통업	"1,990"	-8	-0.40	"285,979,696,100"
004170	신세계	KOSPI	유통업	"173,700"	-200	-0.12	"1,710,107,939,700"
035510	신세계 I&C	KOSPI	서비스업	"12,420"	-20	-0.16	"213,624,000,000"
034300	신세계건설	KOSPI	건설업	"13,950"	-150	-1.06	"55,800,000,000"
031430	신세계인터내셔날	KOSPI	유통업	"16,910"	-70	-0.41	"603,687,000,000"
031440	신세계푸드	KOSPI	서비스업	"39,900"	450	1.14	"154,511,952,000"
006880	신송홀딩스	KOSPI	유통업	"6,490"	0	0.00	"76,769,288,420"
005800	신영와코루	KOSPI	섬유의복	"9,450"	-40	-0.42	"85,050,000,000"
001720	신영증권	KOSPI	증권	"58,300"	0	0.00	"547,217,617,100"
001725	신영증권우	KOSPI	증권	"58,000"	0	0.00	"409,118,254,000"
009270	신원	KOSPI	섬유의복	"1,323"	-12	-0.90	"135,721,748,988"
002700	신일전자	KOSPI	유통업	"1,905"	1	0.05	"135,345,527,505"
002870	신풍	KOSPI	유통업	843	-3	-0.35	"29,470,184,100"
019170	신풍제약	KOSPI	의약품	"13,040"	-20	-0.15	"690,924,269,600"
019175	신풍제약우	KOSPI	의약품	"20,000"	-200	-0.99	"44,000,000,000"
404990	신한서부티엔디리츠	KOSPI	서비스업	"3,670"	-25	-0.68	"205,358,094,280"
293940	신한알파리츠	KOSPI	서비스업	"6,410"	180	2.89	"564,721,788,430"
055550	신한지주	KOSPI	기타금융	"36,950"	100	0.27	"19,047,879,783,550"
004080	신흥	KOSPI	유통업	"14,200"	0	0.00	"134,900,000,000"
102280	쌍방울	KOSPI	섬유의복	269	0	0.00	"70,637,282,701"
003410	쌍용C&E	KOSPI	비금속광물	"6,040"	-40	-0.66	"3,012,129,686,720"
004770	써니전자	KOSPI	전기전자	"2,455"	15	0.61	"85,544,502,005"
403550	쏘카	KOSPI	서비스업	"15,070"	-10	-0.07	"494,119,334,390"
004920	씨아이테크	KOSPI	기타제조업	"1,834"	-68	-3.58	"91,820,664,362"
112610	씨에스윈드	KOSPI	기계	"52,800"	-600	-1.12	"2,226,650,078,400"
308170	씨티알모빌리티	KOSPI	운수장비	"12,340"	-100	-0.80	"106,247,400,000"
008700	아남전자	KOSPI	전기전자	"1,870"	-21	-1.11	"144,223,413,400"
002790	아모레G	KOSPI	화학	"29,200"	-250	-0.85	"2,407,778,856,000"
00279K	아모레G3우(전환)	KOSPI	화학	"18,740"	-80	-0.43	"132,907,828,000"
002795	아모레G우	KOSPI	화학	"9,730"	-170	-1.72	"62,697,882,100"
090430	아모레퍼시픽	KOSPI	화학	"132,100"	-300	-0.23	"7,726,893,463,900"
090435	아모레퍼시픽우	KOSPI	화학	"36,300"	-250	-0.68	"383,249,229,000"
002030	아세아	KOSPI	서비스업	"163,100"	"1,400"	0.87	"348,382,252,400"
183190	아세아시멘트	KOSPI	비금속광물	"10,720"	10	0.09	"417,630,724,800"
002310	아세아제지	KOSPI	종이목재	"39,700"	-250	-0.63	"355,573,129,400"
012170	아센디오	KOSPI	서비스업	"1,255"	-50	-3.83	"115,112,976,185"
267850	아시아나IDT	KOSPI	서비스업	"15,240"	-160	-1.04	"169,164,000,000"
020560	아시아나항공	KOSPI	운수창고업	"10,830"	60	0.56	"805,879,404,120"
122900	아이마켓코리아	KOSPI	유통업	"8,170"	30	0.37	"273,113,622,800"
010780	아이에스동서	KOSPI	비금속광물	"27,750"	-50	-0.18	"857,269,816,500"
139990	아주스틸	KOSPI	철강금속	"6,900"	20	0.29	"182,520,104,100"
001780	알루코	KOSPI	철강금속	"3,010"	5	0.17	"290,207,139,320"
018250	애경산업	KOSPI	화학	"19,220"	-210	-1.08	"507,598,950,700"
161000	애경케미칼	KOSPI	화학	"12,200"	140	1.16	"593,514,249,800"
011090	에넥스	KOSPI	기타제조업	580	9	1.58	"34,795,151,780"
137310	에스디바이오센서	KOSPI	의료정밀	"10,950"	50	0.46	"1,363,027,015,350"
118000	에스메디	KOSPI	유통업	405	-2	-0.49	"57,824,832,015"
005850	에스엘	KOSPI	운수장비	"32,600"	50	0.15	"1,514,221,752,000"
010580	에스엠벡셀	KOSPI	운수장비	"1,880"	-20	-1.05	"209,153,308,800"
012750	에스원	KOSPI	서비스업	"59,600"	-200	-0.33	"2,264,751,008,800"
023960	에쓰씨엔지니어링	KOSPI	건설업	"1,802"	-38	-2.07	"58,251,471,822"
298690	에어부산	KOSPI	운수창고업	"2,935"	10	0.34	"342,338,400,000"
140910	에이리츠	KOSPI	서비스업	"3,610"	30	0.84	"16,111,545,520"
078520	에이블씨엔씨	KOSPI	화학	"7,480"	-210	-2.73	"194,585,924,280"
015260	에이엔피	KOSPI	전기전자	"1,688"	14	0.84	"75,481,696,760"
007460	에이프로젠	KOSPI	기계	"1,011"	-18	-1.75	"267,750,467,838"
003060	에이프로젠바이오로직스	KOSPI	의약품	322	-3	-0.92	"214,373,009,858"
244920	에이플러스에셋	KOSPI	기타금융	"4,130"	10	0.24	"93,369,772,090"
450080	에코프로머티	KOSPI	전기전자	"99,100"	"7,900"	8.66	"6,761,291,537,800"
036570	엔씨소프트	KOSPI	서비스업	"268,000"	"-4,500"	-1.65	"5,883,677,896,000"
380440	엔에이치스팩19호	KOSPI	기타금융	"10,220"	20	0.20	"104,836,760,000"
085310	엔케이	KOSPI	기계	995	0	0.00	"79,583,435,240"
900140	엘브이엠씨홀딩스	KOSPI	유통업	"2,520"	65	2.65	"432,402,795,720"
097520	엠씨넥스	KOSPI	전기전자	"28,700"	-850	-2.88	"515,960,908,400"
014440	영보화학	KOSPI	화학	"3,500"	20	0.57	"70,000,000,000"
111770	영원무역	KOSPI	유통업	"46,850"	450	0.97	"2,075,992,275,800"
009970	영원무역홀딩스	KOSPI	기타금융	"79,300"	-700	-0.88	"1,081,302,445,600"
003520	영진약품	KOSPI	의약품	"2,195"	-5	-0.23	"401,449,544,545"
000670	영풍	KOSPI	철강금속	"510,000"	"5,000"	0.99	"939,440,400,000"
006740	영풍제지	KOSPI	종이목재	"3,125"	-45	-1.42	"145,256,712,500"
012280	영화금속	KOSPI	운수장비	980	2	0.20	"52,326,614,900"
012160	영흥	KOSPI	철강금속	573	0	0.00	"58,050,843,156"
015360	예스코홀딩스	KOSPI	서비스업	"34,950"	250	0.72	"209,700,000,000"
007310	오뚜기	KOSPI	음식료품	"397,000"	"1,000"	0.25	"1,591,108,510,000"
002630	오리엔트바이오	KOSPI	의약품	621	7	1.14	"73,640,046,105"
271560	오리온	KOSPI	음식료품	"118,700"	"1,200"	1.02	"4,692,938,868,400"
001800	오리온홀딩스	KOSPI	기타금융	"15,800"	100	0.64	"989,797,667,600"
011690	와이투솔루션	KOSPI	전기전자	"2,800"	25	0.90	"102,408,303,200"
070960	용평리조트	KOSPI	서비스업	"3,065"	25	0.82	"147,528,665,645"
316140	우리금융지주	KOSPI	기타금융	"12,710"	10	0.08	"9,557,277,649,310"
006980	우성	KOSPI	음식료품	"20,800"	-550	-2.58	"64,272,000,000"
017370	우신시스템	KOSPI	기계	"8,290"	240	2.98	"151,823,507,660"
105840	우진	KOSPI	의료정밀	"8,620"	-10	-0.12	"175,189,552,680"
010400	우진아이엔에스	KOSPI	건설업	"5,130"	30	0.59	"39,100,860,000"
049800	우진플라임	KOSPI	기계	"3,145"	0	0.00	"62,900,000,000"
016880	웅진	KOSPI	서비스업	"1,580"	-52	-3.19	"126,284,786,400"
095720	웅진씽크빅	KOSPI	서비스업	"2,650"	-5	-0.19	"306,090,860,250"
005820	원림	KOSPI	섬유의복	"19,050"	-370	-1.91	"43,776,328,500"
010600	웰바이오텍	KOSPI	유통업	"1,463"	11	0.76	"133,020,944,441"
008600	윌비스	KOSPI	유통업	665	-14	-2.06	"44,711,965,935"
033270	유나이티드제약	KOSPI	의약품	"25,150"	-100	-0.40	"408,557,273,300"
014830	유니드	KOSPI	화학	"73,800"	"-2,400"	-3.15	"499,448,880,000"
446070	유니드비티플러스	KOSPI	종이목재	"8,850"	-120	-1.34	"93,909,252,750"
000910	유니온	KOSPI	비금속광물	"5,200"	-30	-0.57	"81,180,418,800"
047400	유니온머티리얼	KOSPI	비금속광물	"2,695"	0	0.00	"113,190,000,000"
011330	유니켐	KOSPI	기타제조업	"1,608"	-62	-3.71	"155,529,624,024"
077500	유니퀘스트	KOSPI	유통업	"5,380"	-160	-2.89	"117,251,800,700"
002920	유성기업	KOSPI	운수장비	"2,860"	10	0.35	"74,209,850,000"
000700	유수홀딩스	KOSPI	서비스업	"6,000"	0	0.00	"156,250,872,000"
003470	유안타증권	KOSPI	증권	"2,535"	5	0.20	"505,977,320,160"
003475	유안타증권우	KOSPI	증권	"2,590"	20	0.78	"33,442,629,080"
072130	유엔젤	KOSPI	서비스업	"3,740"	210	5.95	"49,350,997,960"
000220	유유제약	KOSPI	의약품	"5,080"	-150	-2.87	"86,524,343,080"
000225	유유제약1우	KOSPI	의약품	"5,950"	-140	-2.30	"13,488,233,500"
000227	유유제약2우B	KOSPI	의약품	"17,000"	-240	-1.39	"5,534,520,000"
001200	유진투자증권	KOSPI	증권	"4,020"	60	1.52	"389,403,000,360"
000100	유한양행	KOSPI	의약품	"62,400"	600	0.97	"4,782,252,196,800"
000105	유한양행우	KOSPI	의약품	"58,600"	200	0.34	"69,203,084,000"
003460	유화증권	KOSPI	증권	"2,240"	0	0.00	"127,013,409,600"
003465	유화증권우	KOSPI	증권	"2,250"	15	0.67	"39,321,956,250"
008730	율촌화학	KOSPI	화학	"34,400"	-300	-0.86	"853,120,000,000"
008250	이건산업	KOSPI	종이목재	"7,100"	40	0.57	"77,763,708,500"
025820	이구산업	KOSPI	철강금속	"3,655"	-15	-0.41	"122,230,510,000"
214320	이노션	KOSPI	서비스업	"42,050"	-300	-0.71	"841,000,000,000"
088260	이리츠코크렙	KOSPI	서비스업	"5,090"	10	0.20	"322,408,693,100"
139480	이마트	KOSPI	유통업	"77,500"	0	0.00	"2,160,375,972,500"
457190	이수스페셜티케미컬	KOSPI	화학	"149,000"	"-3,300"	-2.17	"834,217,177,000"
007660	이수페타시스	KOSPI	전기전자	"29,450"	"-2,350"	-7.39	"1,862,607,039,550"
005950	이수화학	KOSPI	화학	"13,010"	-120	-0.91	"295,622,834,390"
015020	이스타코	KOSPI	서비스업	762	1	0.13	"32,652,919,200"
093230	이아이디	KOSPI	유통업	"1,392"	0	0.00	"339,310,256,256"
074610	이엔플러스	KOSPI	기계	"4,075"	-50	-1.21	"276,941,767,750"
102460	이연제약	KOSPI	의약품	"15,450"	110	0.72	"287,166,229,950"
084680	이월드	KOSPI	기타제조업	"1,300"	-13	-0.99	"184,348,050,900"
350520	이지스레지던스리츠	KOSPI	서비스업	"3,655"	-15	-0.41	"103,650,745,135"
334890	이지스밸류리츠	KOSPI	서비스업	"4,410"	10	0.23	"226,865,698,290"
000760	이화산업	KOSPI	유통업	"16,230"	410	2.59	"45,444,000,000"
014990	인디에프	KOSPI	섬유의복	870	-18	-2.03	"65,348,305,650"
101140	인바이오젠	KOSPI	유통업	"9,340"	0	0.00	"93,812,977,440"
006490	인스코비	KOSPI	통신업	"1,241"	5	0.40	"143,087,514,693"
023800	인지컨트롤스	KOSPI	운수장비	"7,900"	-100	-1.25	"124,892,656,300"
034590	인천도시가스	KOSPI	전기가스업	"26,050"	100	0.39	"113,962,341,700"
129260	인터지스	KOSPI	운수창고업	"2,450"	0	0.00	"72,882,291,300"
023810	인팩	KOSPI	운수장비	"8,720"	-70	-0.80	"87,200,000,000"
249420	일동제약	KOSPI	의약품	"17,260"	710	4.29	"477,717,723,360"
000230	일동홀딩스	KOSPI	의약품	"10,490"	100	0.96	"121,058,796,000"
013360	일성건설	KOSPI	건설업	"1,733"	-2	-0.12	"93,625,117,040"
003120	일성신약	KOSPI	의약품	"21,550"	-250	-1.15	"286,615,000,000"
003200	일신방직	KOSPI	섬유의복	"9,130"	-100	-1.08	"212,546,400,000"
007110	일신석재	KOSPI	유통업	"1,085"	-13	-1.18	"84,040,421,850"
007570	일양약품	KOSPI	의약품	"14,980"	150	1.01	"285,903,246,720"
007575	일양약품우	KOSPI	의약품	"16,520"	20	0.12	"7,352,721,600"
008500	일정실업	KOSPI	섬유의복	"12,900"	0	0.00	"15,480,000,000"
081000	일진다이아	KOSPI	화학	"13,710"	30	0.22	"194,722,787,250"
020760	일진디스플	KOSPI	전기전자	929	-9	-0.96	"47,856,265,389"
103590	일진전기	KOSPI	전기전자	"12,720"	-320	-2.45	"471,662,560,800"
271940	일진하이솔루스	KOSPI	운수장비	"23,400"	-200	-0.85	"849,728,646,000"
015860	일진홀딩스	KOSPI	기타금융	"3,855"	0	0.00	"190,234,546,965"
226320	잇츠한불	KOSPI	화학	"12,550"	10	0.08	"275,212,903,250"
317400	자이에스앤디	KOSPI	서비스업	"5,200"	-50	-0.95	"201,669,104,000"
033240	자화전자	KOSPI	전기전자	"24,500"	-350	-1.41	"541,693,113,500"
000950	전방	KOSPI	섬유의복	"24,000"	0	0.00	"40,320,000,000"
348950	제이알글로벌리츠	KOSPI	서비스업	"4,150"	5	0.12	"819,110,400,000"
194370	제이에스코퍼레이션	KOSPI	기타제조업	"17,710"	10	0.06	"236,173,493,710"
025620	제이준코스메틱	KOSPI	화학	"5,920"	110	1.89	"26,550,288,320"
030000	제일기획	KOSPI	서비스업	"20,150"	-150	-0.74	"2,318,080,683,750"
271980	제일약품	KOSPI	의약품	"17,540"	"1,830"	11.65	"257,923,454,880"
001560	제일연마	KOSPI	비금속광물	"8,330"	-130	-1.54	"83,300,000,000"
002620	제일파마홀딩스	KOSPI	서비스업	"13,060"	"3,010"	29.95	"208,612,016,300"
006220	제주은행	KOSPI	은행	"8,410"	-40	-0.47	"270,202,989,340"
089590	제주항공	KOSPI	운수창고업	"11,400"	10	0.09	"877,728,305,400"
004910	조광페인트	KOSPI	화학	"6,390"	80	1.27	"81,792,000,000"
004700	조광피혁	KOSPI	기타제조업	"50,000"	350	0.70	"332,456,900,000"
001550	조비	KOSPI	화학	"12,850"	-130	-1.00	"66,720,271,150"
462520	조선내화	KOSPI	비금속광물	"23,600"	-700	-2.88	"279,781,964,800"
120030	조선선재	KOSPI	기계	"99,900"	"-2,000"	-1.96	"125,639,334,900"
018470	조일알미늄	KOSPI	철강금속	"2,155"	10	0.47	"272,891,358,755"
002600	조흥	KOSPI	음식료품	"171,300"	-200	-0.12	"102,780,000,000"
185750	종근당	KOSPI	의약품	"125,500"	"6,100"	5.11	"1,577,342,232,000"
063160	종근당바이오	KOSPI	의약품	"21,600"	250	1.17	"118,496,779,200"
001630	종근당홀딩스	KOSPI	의약품	"55,500"	400	0.73	"278,047,285,500"
044380	주연테크	KOSPI	전기전자	530	-5	-0.93	"31,375,599,320"
013890	지누스	KOSPI	기타제조업	"17,230"	-120	-0.69	"325,658,647,480"
013870	지엠비코리아	KOSPI	운수장비	"4,220"	30	0.72	"80,485,021,600"
071320	지역난방공사	KOSPI	전기가스업	"23,800"	350	1.49	"275,574,107,200"
088790	진도	KOSPI	유통업	"2,170"	20	0.93	"27,011,604,480"
003780	진양산업	KOSPI	화학	"7,240"	10	0.14	"94,120,000,000"
010640	진양폴리	KOSPI	화학	"7,270"	60	0.83	"72,700,000,000"
100250	진양홀딩스	KOSPI	화학	"3,245"	15	0.46	"181,380,222,540"
051630	진양화학	KOSPI	화학	"3,215"	-35	-1.08	"50,797,000,000"
272450	진에어	KOSPI	운수창고업	"12,220"	110	0.91	"637,884,000,000"
011000	진원생명과학	KOSPI	의약품	"3,180"	30	0.95	"249,546,738,060"
002780	진흥기업	KOSPI	건설업	"1,216"	-13	-1.06	"176,893,641,920"
002787	진흥기업2우B	KOSPI	건설업	"11,620"	-70	-0.60	"3,425,668,960"
002785	진흥기업우B	KOSPI	건설업	"4,340"	130	3.09	"3,720,326,120"
009310	참엔지니어링	KOSPI	기계	440	2	0.46	"37,341,664,360"
000650	천일고속	KOSPI	운수창고업	"47,900"	-150	-0.31	"68,459,638,000"
012600	청호ICT	KOSPI	기계	"2,490"	0	0.00	"107,911,154,370"
033250	체시스	KOSPI	운수장비	"2,930"	-210	-6.69	"93,760,000,000"
035720	카카오	KOSPI	서비스업	"50,300"	0	0.00	"22,358,147,291,000"
323410	카카오뱅크	KOSPI	은행	"26,000"	0	0.00	"12,396,985,562,000"
377300	카카오페이	KOSPI	기타금융	"45,700"	200	0.44	"6,129,720,526,400"
006380	카프로	KOSPI	화학	942	-24	-2.48	"37,680,000,000"
109070	컨버즈	KOSPI	전기전자	"4,100"	0	0.00	"150,921,943,000"
001620	케이비아이동국실업	KOSPI	운수장비	578	2	0.35	"64,327,371,918"
029460	케이씨	KOSPI	의료정밀	"18,350"	-320	-1.71	"248,716,707,400"
281820	케이씨텍	KOSPI	의료정밀	"23,850"	-750	-3.05	"497,548,110,600"
381970	케이카	KOSPI	유통업	"10,600"	210	2.02	"509,717,249,800"
145270	케이탑리츠	KOSPI	서비스업	"1,022"	3	0.29	"49,118,111,028"
417310	코람코더원리츠	KOSPI	서비스업	"4,785"	5	0.10	"193,314,000,000"
357120	코람코라이프인프라리츠	KOSPI	서비스업	"5,490"	40	0.73	"486,054,262,260"
007815	코리아써우	KOSPI	전기전자	"6,340"	-120	-1.86	"18,796,134,600"
007810	코리아써키트	KOSPI	전기전자	"15,500"	-470	-2.94	"366,121,640,500"
00781K	코리아써키트2우B	KOSPI	전기전자	"7,260"	-150	-2.02	"5,689,654,740"
003690	코리안리	KOSPI	보험	"7,720"	-50	-0.64	"1,087,153,089,080"
192820	코스맥스	KOSPI	화학	"115,200"	900	0.79	"1,307,463,436,800"
044820	코스맥스비티아이	KOSPI	기타금융	"10,400"	20	0.19	"99,880,778,400"
005070	코스모신소재	KOSPI	화학	"161,700"	-700	-0.43	"4,956,227,245,200"
005420	코스모화학	KOSPI	화학	"35,950"	-450	-1.24	"1,380,775,796,600"
071950	코아스	KOSPI	기타제조업	626	-26	-3.99	"19,347,913,460"
002020	코오롱	KOSPI	기타금융	"17,440"	20	0.11	"220,204,869,440"
003070	코오롱글로벌	KOSPI	건설업	"12,170"	-210	-1.70	"230,411,117,210"
003075	코오롱글로벌우	KOSPI	건설업	"17,790"	-90	-0.50	"13,177,711,230"
450140	코오롱모빌리티그룹	KOSPI	유통업	"2,965"	5	0.17	"186,134,546,250"
45014K	코오롱모빌리티그룹우	KOSPI	유통업	"6,210"	240	4.02	"15,252,505,200"
002025	코오롱우	KOSPI	기타금융	"13,310"	10	0.08	"14,326,750,900"
120110	코오롱인더	KOSPI	화학	"43,450"	-200	-0.46	"1,195,704,503,950"
120115	코오롱인더우	KOSPI	화학	"23,250"	-150	-0.64	"64,352,745,000"
138490	코오롱플라스틱	KOSPI	화학	"7,480"	-20	-0.27	"284,240,000,000"
021240	코웨이	KOSPI	서비스업	"50,500"	-700	-1.37	"3,726,880,759,500"
036420	콘텐트리중앙	KOSPI	서비스업	"14,970"	780	5.50	"288,356,750,760"
031820	콤텍시스템	KOSPI	서비스업	731	0	0.00	"88,488,621,646"
192400	쿠쿠홀딩스	KOSPI	기타금융	"16,800"	-180	-1.06	"597,444,708,000"
284740	쿠쿠홈시스	KOSPI	서비스업	"22,600"	-50	-0.22	"507,083,658,000"
264900	크라운제과	KOSPI	음식료품	"8,630"	-10	-0.12	"108,080,825,500"
26490K	크라운제과우	KOSPI	음식료품	"10,430"	-220	-2.07	"8,068,230,800"
005740	크라운해태홀딩스	KOSPI	기타금융	"5,880"	-20	-0.34	"87,302,400,360"
005745	크라운해태홀딩스우	KOSPI	기타금융	"10,280"	-10	-0.10	"6,175,463,280"
259960	크래프톤	KOSPI	서비스업	"210,000"	"2,000"	0.96	"10,156,176,030,000"
020120	키다리스튜디오	KOSPI	서비스업	"5,050"	485	10.62	"186,803,368,300"
039490	키움증권	KOSPI	증권	"91,700"	"-1,600"	-1.71	"2,404,988,940,200"
014580	태경비케이	KOSPI	비금속광물	"6,730"	-130	-1.90	"185,634,263,000"
015890	태경산업	KOSPI	화학	"6,750"	-40	-0.59	"197,294,062,500"
006890	태경케미컬	KOSPI	화학	"13,110"	-150	-1.13	"152,076,000,000"
003240	태광산업	KOSPI	화학	"612,000"	"-2,000"	-0.33	"681,400,800,000"
011280	태림포장	KOSPI	종이목재	"2,330"	15	0.65	"164,977,840,200"
004100	태양금속	KOSPI	운수장비	"3,390"	-60	-1.74	"124,413,000,000"
004105	태양금속우	KOSPI	운수장비	"5,280"	-210	-3.83	"17,424,000,000"
009410	태영건설	KOSPI	건설업	"3,830"	-10	-0.26	"148,983,545,340"
009415	태영건설우	KOSPI	건설업	"6,010"	-10	-0.17	"7,825,873,420"
001420	태원물산	KOSPI	운수장비	"4,970"	-5	-0.10	"37,772,000,000"
007980	태평양물산	KOSPI	섬유의복	"2,920"	30	1.04	"144,387,438,760"
055490	테이팩스	KOSPI	화학	"29,850"	100	0.34	"142,224,802,500"
078000	텔코웨어	KOSPI	서비스업	"10,100"	10	0.10	"97,997,330,600"
214420	토니모리	KOSPI	화학	"4,275"	-25	-0.58	"102,834,265,725"
019180	티에이치엔	KOSPI	전기전자	"3,255"	-65	-1.96	"58,590,000,000"
363280	티와이홀딩스	KOSPI	기타금융	"5,650"	-20	-0.35	"284,925,364,200"
36328K	티와이홀딩스우	KOSPI	기타금융	"7,950"	-40	-0.50	"9,881,961,300"
091810	티웨이항공	KOSPI	운수창고업	"2,315"	40	1.76	"464,786,140,565"
004870	티웨이홀딩스	KOSPI	비금속광물	469	4	0.86	"52,345,884,017"
005690	파미셀	KOSPI	의약품	"6,570"	60	0.92	"394,311,453,480"
036580	팜스코	KOSPI	음식료품	"3,015"	-40	-1.31	"110,734,748,145"
004720	팜젠사이언스	KOSPI	의약품	"5,970"	130	2.23	"107,474,739,930"
028670	팬오션	KOSPI	운수창고업	"4,280"	-60	-1.38	"2,287,957,511,360"
010820	퍼스텍	KOSPI	기계	"3,330"	25	0.76	"162,410,553,540"
016800	퍼시스	KOSPI	기타제조업	"30,200"	-150	-0.49	"347,300,000,000"
001020	페이퍼코리아	KOSPI	종이목재	811	-13	-1.58	"144,344,466,843"
090080	평화산업	KOSPI	운수장비	"1,297"	7	0.54	"71,208,229,923"
010770	평화홀딩스	KOSPI	운수장비	"3,195"	40	1.27	"46,728,363,870"
058430	포스코스틸리온	KOSPI	철강금속	"52,400"	0	0.00	"314,400,000,000"
047050	포스코인터내셔널	KOSPI	유통업	"58,200"	300	0.52	"10,238,706,261,600"
003670	포스코퓨처엠	KOSPI	전기전자	"306,000"	"2,500"	0.82	"23,703,745,320,000"
017810	풀무원	KOSPI	음식료품	"10,500"	-120	-1.13	"400,265,691,000"
103140	풍산	KOSPI	철강금속	"36,350"	-300	-0.82	"1,018,682,505,300"
005810	풍산홀딩스	KOSPI	기타금융	"34,600"	-250	-0.72	"345,949,068,800"
950210	프레스티지바이오파마	KOSPI	서비스업	"10,170"	0	0.00	"611,177,896,350"
009810	플레이그램	KOSPI	유통업	562	-22	-3.77	"71,233,605,094"
086790	하나금융지주	KOSPI	기타금융	"42,300"	500	1.20	"12,366,684,095,400"
293480	하나제약	KOSPI	의약품	"13,800"	-20	-0.14	"245,266,654,800"
039130	하나투어	KOSPI	서비스업	"54,900"	0	0.00	"880,551,256,500"
352820	하이브	KOSPI	서비스업	"212,000"	"12,000"	6.00	"8,830,244,564,000"
071090	하이스틸	KOSPI	철강금속	"3,330"	10	0.30	"67,237,598,430"
019490	하이트론	KOSPI	전기전자	"1,617"	-32	-1.94	"44,647,349,208"
000080	하이트진로	KOSPI	음식료품	"22,800"	-350	-1.51	"1,599,046,330,800"
000087	하이트진로2우B	KOSPI	음식료품	"15,430"	20	0.13	"17,438,029,340"
000140	하이트진로홀딩스	KOSPI	기타금융	"8,970"	-40	-0.44	"208,164,682,050"
000145	하이트진로홀딩스우	KOSPI	기타금융	"12,000"	-250	-2.04	"5,649,720,000"
152550	한국ANKOR유전	KOSPI	기타금융	371	-1	-0.27	"25,977,420,000"
036460	한국가스공사	KOSPI	전기가스업	"24,250"	650	2.75	"2,238,590,250,000"
005430	한국공항	KOSPI	운수창고업	"44,700"	-750	-1.65	"141,536,068,500"
071050	한국금융지주	KOSPI	기타금융	"58,600"	100	0.17	"3,265,543,131,200"
071055	한국금융지주우	KOSPI	기타금융	"43,700"	150	0.34	"256,005,568,700"
010040	한국내화	KOSPI	비금속광물	"3,065"	-40	-1.29	"125,870,545,030"
025540	한국단자	KOSPI	전기전자	"74,100"	"-1,100"	-1.46	"771,751,500,000"
010100	한국무브넥스	KOSPI	운수장비	"8,220"	640	8.44	"250,302,452,400"
004090	한국석유	KOSPI	비금속광물	"11,120"	-110	-0.98	"141,158,614,400"
002200	한국수출포장	KOSPI	종이목재	"3,375"	-10	-0.30	"135,000,000,000"
002960	한국쉘석유	KOSPI	화학	"244,000"	"-1,000"	-0.41	"317,200,000,000"
000240	한국앤컴퍼니	KOSPI	기타금융	"13,270"	120	0.91	"1,259,790,634,800"
123890	한국자산신탁	KOSPI	기타금융	"3,355"	-40	-1.18	"415,945,357,960"
015760	한국전력	KOSPI	전기가스업	"18,750"	610	3.36	"12,036,826,443,750"
006200	한국전자홀딩스	KOSPI	기타금융	941	-4	-0.42	"44,041,750,976"
027970	한국제지	KOSPI	종이목재	"1,151"	0	0.00	"218,895,150,787"
023350	한국종합기술	KOSPI	서비스업	"5,730"	-10	-0.17	"62,743,500,000"
025890	한국주강	KOSPI	기계	"3,065"	55	1.83	"34,662,878,835"
000970	한국주철관	KOSPI	철강금속	"7,000"	0	0.00	"159,603,500,000"
104700	한국철강	KOSPI	철강금속	"6,530"	-110	-1.66	"277,198,500,000"
017960	한국카본	KOSPI	기계	"12,080"	-120	-0.98	"627,054,100,160"
161890	한국콜마	KOSPI	화학	"48,850"	-150	-0.31	"1,117,745,643,000"
024720	한국콜마홀딩스	KOSPI	기타금융	"7,100"	-460	-6.08	"261,063,592,000"
161390	한국타이어앤테크놀로지	KOSPI	화학	"45,000"	-50	-0.11	"5,574,378,105,000"
034830	한국토지신탁	KOSPI	기타금융	"1,229"	-1	-0.08	"310,309,263,670"
007280	한국특강	KOSPI	철강금속	"1,836"	-6	-0.33	"111,242,501,928"
168490	한국패러랠	KOSPI	기타금융	"1,490"	9	0.61	"119,229,800,000"
047810	한국항공우주	KOSPI	운수장비	"47,000"	250	0.53	"4,581,330,029,000"
123690	한국화장품	KOSPI	유통업	"6,760"	-40	-0.59	"108,619,680,000"
003350	한국화장품제조	KOSPI	화학	"24,100"	-100	-0.41	"109,221,200,000"
011500	한농화성	KOSPI	화학	"11,640"	40	0.34	"182,015,168,880"
002390	한독	KOSPI	의약품	"13,320"	280	2.15	"183,330,259,560"
053690	한미글로벌	KOSPI	서비스업	"22,450"	300	1.35	"245,996,997,500"
042700	한미반도체	KOSPI	기계	"59,700"	"-2,000"	-3.24	"5,811,156,329,400"
008930	한미사이언스	KOSPI	기타금융	"36,200"	200	0.56	"2,532,441,228,000"
128940	한미약품	KOSPI	의약품	"304,500"	"3,500"	1.16	"3,825,177,111,000"
009240	한샘	KOSPI	유통업	"50,400"	-100	-0.20	"1,186,109,971,200"
020000	한섬	KOSPI	섬유의복	"19,140"	40	0.21	"471,418,200,000"
003680	한성기업	KOSPI	음식료품	"5,370"	-130	-2.36	"33,345,095,550"
105630	한세실업	KOSPI	섬유의복	"22,200"	-750	-3.27	"888,000,000,000"
069640	한세엠케이	KOSPI	유통업	"2,285"	45	2.01	"68,793,357,070"
016450	한세예스24홀딩스	KOSPI	섬유의복	"4,930"	-90	-1.79	"197,200,000,000"
010420	한솔PNS	KOSPI	유통업	"1,289"	4	0.31	"26,415,492,468"
009180	한솔로지스틱스	KOSPI	운수창고업	"2,570"	-40	-1.53	"71,323,218,250"
213500	한솔제지	KOSPI	종이목재	"10,380"	-10	-0.10	"247,049,978,880"
014680	한솔케미칼	KOSPI	화학	"183,900"	"-3,000"	-1.61	"2,084,542,360,500"
004710	한솔테크닉스	KOSPI	전기전자	"6,580"	-10	-0.15	"211,282,997,240"
004150	한솔홀딩스	KOSPI	기타금융	"2,740"	0	0.00	"115,103,500,980"
025750	한솔홈데코	KOSPI	종이목재	897	-9	-0.99	"72,266,938,653"
004960	한신공영	KOSPI	건설업	"7,440"	-50	-0.67	"86,086,022,880"
011700	한신기계	KOSPI	기계	"4,380"	15	0.34	"142,114,141,380"
001750	한양증권	KOSPI	증권	"9,480"	20	0.21	"120,666,502,320"
001755	한양증권우	KOSPI	증권	"11,640"	90	0.78	"6,111,000,000"
018880	한온시스템	KOSPI	기계	"7,240"	10	0.14	"3,864,712,000,000"
009420	한올바이오파마	KOSPI	의약품	"37,000"	"1,250"	3.50	"1,932,903,606,000"
014130	한익스프레스	KOSPI	운수창고업	"5,650"	-210	-3.58	"67,800,000,000"
300720	한일시멘트	KOSPI	비금속광물	"12,620"	-70	-0.55	"874,080,634,800"
002220	한일철강	KOSPI	철강금속	"2,635"	40	1.54	"70,347,807,100"
006390	한일현대시멘트	KOSPI	비금속광물	"16,010"	0	0.00	"309,436,028,720"
003300	한일홀딩스	KOSPI	비금속광물	"11,490"	-40	-0.35	"354,269,837,160"
051600	한전KPS	KOSPI	건설업	"34,200"	200	0.59	"1,539,000,000,000"
052690	한전기술	KOSPI	서비스업	"58,600"	800	1.38	"2,239,692,000,000"
130660	한전산업	KOSPI	서비스업	"7,360"	30	0.41	"239,936,000,000"
002320	한진	KOSPI	운수창고업	"21,750"	250	1.16	"325,110,909,000"
003480	한진중공업홀딩스	KOSPI	전기가스업	"3,380"	-50	-1.46	"99,810,764,560"
180640	한진칼	KOSPI	운수창고업	"53,800"	200	0.37	"3,591,810,610,200"
18064K	한진칼우	KOSPI	운수창고업	"25,100"	50	0.20	"13,472,826,600"
005110	한창	KOSPI	유통업	"1,296"	3	0.23	"24,113,902,176"
009460	한창제지	KOSPI	종이목재	935	6	0.65	"55,789,099,410"
372910	한컴라이프케어	KOSPI	의료정밀	"4,795"	-35	-0.72	"132,698,776,770"
000880	한화	KOSPI	화학	"25,350"	-300	-1.17	"1,900,203,932,250"
00088K	한화3우B	KOSPI	화학	"14,040"	-40	-0.28	"315,506,880,000"
452260	한화갤러리아	KOSPI	유통업	"1,100"	-7	-0.63	"213,245,571,000"
45226K	한화갤러리아우	KOSPI	유통업	"3,485"	45	1.31	"10,122,077,950"
451800	한화리츠	KOSPI	서비스업	"5,120"	0	0.00	"361,472,000,000"
088350	한화생명	KOSPI	보험	"2,810"	20	0.72	"2,440,569,300,000"
000370	한화손해보험	KOSPI	보험	"4,055"	25	0.62	"473,376,300,325"
009830	한화솔루션	KOSPI	화학	"34,500"	500	1.47	"5,930,292,492,000"
009835	한화솔루션우	KOSPI	화학	"23,500"	150	0.64	"60,520,701,500"
272210	한화시스템	KOSPI	전기전자	"15,600"	690	4.63	"2,947,142,468,400"
012450	한화에어로스페이스	KOSPI	운수장비	"121,900"	"1,000"	0.83	"6,171,797,000,000"
042660	한화오션	KOSPI	운수장비	"27,200"	-400	-1.45	"5,898,956,452,800"
000885	한화우	KOSPI	화학	"32,450"	100	0.31	"15,553,090,300"
003530	한화투자증권	KOSPI	증권	"2,805"	95	3.51	"601,806,508,875"
003535	한화투자증권우	KOSPI	증권	"5,420"	100	1.88	"26,016,000,000"
195870	해성디에스	KOSPI	전기전자	"51,000"	"-2,000"	-3.77	"867,000,000,000"
101530	해태제과식품	KOSPI	음식료품	"5,340"	30	0.56	"155,483,829,480"
143210	핸즈코퍼레이션	KOSPI	운수장비	"2,920"	20	0.69	"63,877,181,240"
000720	현대건설	KOSPI	건설업	"37,300"	250	0.67	"4,153,570,034,500"
000725	현대건설우	KOSPI	건설업	"52,400"	-100	-0.19	"55,265,913,200"
453340	현대그린푸드	KOSPI	유통업	"11,720"	-120	-1.01	"397,084,312,080"
086280	현대글로비스	KOSPI	운수창고업	"179,000"	300	0.17	"6,712,500,000,000"
064350	현대로템	KOSPI	운수장비	"26,400"	500	1.93	"2,881,356,535,200"
079430	현대리바트	KOSPI	기타제조업	"8,130"	20	0.25	"166,951,842,660"
012330	현대모비스	KOSPI	운수장비	"233,000"	"3,500"	1.53	"21,821,636,902,000"
010620	현대미포조선	KOSPI	운수장비	"80,000"	-200	-0.25	"3,195,371,920,000"
069960	현대백화점	KOSPI	유통업	"52,800"	100	0.19	"1,235,648,884,800"
004560	현대비앤지스틸	KOSPI	철강금속	"15,120"	290	1.96	"227,991,622,320"
004310	현대약품	KOSPI	의약품	"3,980"	-20	-0.50	"127,360,000,000"
017800	현대엘리베이	KOSPI	기계	"45,950"	0	0.00	"1,796,295,090,750"
307950	현대오토에버	KOSPI	서비스업	"169,500"	"-2,000"	-1.17	"4,648,364,949,000"
011210	현대위아	KOSPI	운수장비	"56,800"	900	1.61	"1,544,680,714,400"
004020	현대제철	KOSPI	철강금속	"35,350"	-400	-1.12	"4,717,308,499,750"
005440	현대지에프홀딩스	KOSPI	기타금융	"3,810"	-40	-1.04	"618,742,978,920"
005380	현대차	KOSPI	운수장비	"184,800"	"1,800"	0.98	"39,091,022,308,800"
005387	현대차2우B	KOSPI	운수장비	"108,800"	-500	-0.46	"3,929,920,953,600"
005389	현대차3우B	KOSPI	운수장비	"107,200"	-100	-0.09	"257,756,825,600"
005385	현대차우	KOSPI	운수장비	"107,900"	200	0.19	"2,601,805,540,100"
001500	현대차증권	KOSPI	증권	"8,660"	10	0.12	"274,630,786,920"
011760	현대코퍼레이션	KOSPI	유통업	"19,060"	-70	-0.37	"252,144,091,960"
227840	현대코퍼레이션홀딩스	KOSPI	유통업	"10,800"	-160	-1.46	"98,289,028,800"
126560	현대퓨처넷	KOSPI	통신업	"3,230"	30	0.94	"355,955,512,350"
001450	현대해상	KOSPI	보험	"30,750"	100	0.33	"2,749,050,000,000"
057050	현대홈쇼핑	KOSPI	유통업	"43,100"	600	1.41	"517,200,000,000"
093240	형지엘리트	KOSPI	섬유의복	"1,410"	-13	-0.91	"43,928,265,180"
003010	혜인	KOSPI	유통업	"5,810"	-30	-0.51	"73,861,060,070"
111110	호전실업	KOSPI	섬유의복	"8,140"	-10	-0.12	"79,364,869,760"
008770	호텔신라	KOSPI	유통업	"67,300"	-800	-1.17	"2,641,398,543,300"
008775	호텔신라우	KOSPI	유통업	"48,050"	-50	-0.10	"36,127,785,950"
002460	화성산업	KOSPI	건설업	"10,690"	-70	-0.65	"108,503,500,000"
378850	화승알앤에이	KOSPI	운수장비	"4,190"	-10	-0.24	"79,583,280,370"
241590	화승엔터프라이즈	KOSPI	기타제조업	"8,760"	60	0.69	"530,762,057,760"
006060	화승인더	KOSPI	화학	"3,595"	80	2.28	"198,875,400,000"
013520	화승코퍼레이션	KOSPI	운수장비	"2,085"	-55	-2.57	"104,356,860,420"
010690	화신	KOSPI	운수장비	"11,970"	-60	-0.50	"417,997,307,700"
133820	화인베스틸	KOSPI	철강금속	"1,365"	23	1.71	"40,838,231,070"
010660	화천기계	KOSPI	기계	"4,495"	20	0.45	"98,890,000,000"
000850	화천기공	KOSPI	기계	"32,600"	-250	-0.76	"71,720,000,000"
016580	환인제약	KOSPI	의약품	"14,560"	-100	-0.68	"270,817,019,200"
032560	황금에스티	KOSPI	철강금속	"7,130"	20	0.28	"121,210,000,000"
004800	효성	KOSPI	기타금융	"66,700"	-900	-1.33	"1,405,437,367,500"
094280	효성ITX	KOSPI	서비스업	"12,330"	30	0.24	"142,512,606,000"
298040	효성중공업	KOSPI	전기전자	"188,700"	"-5,700"	-2.93	"1,759,542,207,600"
298050	효성첨단소재	KOSPI	화학	"391,500"	"-4,500"	-1.14	"1,753,899,642,000"
298020	효성티앤씨	KOSPI	화학	"381,500"	"-6,500"	-1.68	"1,651,010,683,000"
298000	효성화학	KOSPI	화학	"90,000"	"-1,300"	-1.42	"341,262,990,000"
093370	후성	KOSPI	화학	"11,590"	-110	-0.94	"1,093,540,885,360"
081660	휠라홀딩스	KOSPI	유통업	"38,950"	-250	-0.64	"2,366,299,046,900"
005870	휴니드	KOSPI	전기전자	"6,060"	80	1.34	"85,543,050,900"
079980	휴비스	KOSPI	화학	"4,390"	-45	-1.01	"151,455,000,000"
005010	휴스틸	KOSPI	철강금속	"5,000"	-40	-0.79	"280,940,375,000"
000540	흥국화재	KOSPI	보험	"2,990"	-15	-0.50	"192,085,508,550"
000545	흥국화재우	KOSPI	보험	"5,760"	-60	-1.03	"4,423,680,000"
003280	흥아해운	KOSPI	운수창고업	"2,255"	30	1.35	"542,158,147,245"